NC_016810.1,clip_peak_1236,1762404,1762427,-,ATGGAAATCGATTCAGGTTGAATC,CDS,1761608,1764283,SL1344_1644,acnA,17,20,9,0,0,0,3.6,3.7E-06
NC_016810.1,clip_peak_346,529295,529317,-,GTATGACTGGACCGGGATGTCCT,CDS,528735,531884,SL1344_0468,acrB,7,19,5,0,1,1,2.3,9.1E-03
NC_016810.1,clip_peak_2256,2994109,2994132,-,GCGGGCGTGTCGAAGGATGTGACC,CDS,2993947,2996577,SL1344_2807,alaS,19,39,17,3,1,8,2.2,2.8E-03
NC_016810.1,clip_peak_3074,3889846,3889872,-,ATCTATGAGCGCTTTATGGAACGCGCT,CDS,3889288,3890826,SL1344_3645,aldB,65,42,29,2,0,0,4.2,1.4E-10
NC_016810.1,clip_peak_3836,170497,170517,+,CATGTGCTGGACTGGATTCCG,CDS,169918,170772,SL1344_0147,ampE,38,26,35,2,0,7,2.9,3.5E-06
NC_016810.1,clip_peak_5324,2009921,2009944,+,TGACGGCTTTCGCCTGGACGCGGT,CDS,2009235,2010719,SL1344_1892,amyA,10,11,10,0,0,0,3.2,6.8E-05
NC_016810.1,clip_peak_3717,4876502,4876522,-,AACCTGGTGATCATGGATATC,CDS,4875950,4876666,SL1344_4525,arcA,19,20,11,0,1,1,3.2,1.5E-05
NC_016810.1,clip_peak_109,173964,173990,-,GCTTTCGCTGCTGCCATGGACTCGCGT,CDS,173384,174757,SL1344_0150,aroP,26,19,12,1,1,0,3.3,7.2E-06
NC_016810.1,clip_peak_646,960014,960037,-,TGTAATGGCGGGAATGGATATCAC,CDS,959554,960285,SL1344_0866,artI,15,12,7,0,2,1,2.4,2.1E-03
NC_016810.1,clip_peak_706,1048298,1048324,-,AAAACCGTGGCGGCCATGGATGTGCTG,CDS,1048046,1049446,SL1344_0937,asnS,17,16,8,0,1,1,2.9,1.6E-04
NC_016810.1,clip_peak_705,1048235,1048259,-,TGAAGAGCGTCTGGATGTGCTGGAT,CDS,1048046,1049446,SL1344_0937,asnS,10,19,10,0,2,0,2.8,4.3E-04
NC_016810.1,clip_peak_3537,4591508,4591532,-,ACAGTAATCGTACAGGGTAGTACCA,CDS,4591526,4592962,SL1344_4263,aspA,54,48,43,1,2,0,4.3,1.6E-13
NC_016810.1,clip_peak_3537,4591508,4591532,-,ACAGTAATCGTACAGGGTAGTACCA,3UTR,4591468,4591525,SL1344_4263_3UTR,aspA_3UTR,54,48,43,1,2,0,4.3,1.6E-13
NC_016810.1,clip_peak_4817,1341292,1341309,+,CGTATGACGCTATGGATA,CDS,1340264,1341298,SL1344_1239,astA,15,23,5,2,2,0,2.3,5.3E-03
NC_016810.1,clip_peak_4822,1343529,1343553,+,GTTTCGAATCGACAGGTATTGTTTT,CDS,1342770,1344113,SL1344_1241,astB,16,17,6,0,2,0,2.7,8.1E-04
NC_016810.1,clip_peak_4817,1341292,1341309,+,CGTATGACGCTATGGATA,CDS,1341295,1342773,SL1344_1240,astD,15,23,5,2,2,0,2.3,5.3E-03
NC_016810.1,clip_peak_3217,4100605,4100631,-,AAACTGGAGACTGTCATGGAAAACCTG,CDS,4100377,4100616,SL1344_3837,atpE,23,20,23,5,3,7,1.9,5.5E-04
NC_016810.1,clip_peak_2841,3619040,3619069,-,ATCGGATCTCCGGCTCGAACTGGAAGGCGC,CDS,3618856,3619332,SL1344_3410,bfr,179,127,70,3,0,4,4.5,1.1E-14
NC_016810.1,clip_peak_6382,3637028,3637054,+,GTAGCCCCCTTCCCAGGTAGCGGGAAG,5UTR,3636956,3637127,SL1344_3433_5UTR,cap_5UTR,24,22,21,3,0,0,3.3,6.2E-07
NC_016810.1,clip_peak_6381,3636984,3637002,+,CATGTATGCAGAGGACATC,5UTR,3636956,3637127,SL1344_3433_5UTR,cap_5UTR,16,12,6,3,0,1,2.1,1.2E-02
NC_016810.1,clip_peak_1540,2097647,2097676,-,GACGTTACAGAAAAATGGATGCTCTGTGGC,CDS,2097397,2098917,SL1344_1995,cbiP,18,49,16,0,1,0,3.7,5.2E-07
NC_016810.1,clip_peak_793,1156233,1156249,-,ATGATGCTATGGAACTT,CDS,1155321,1156241,SL1344_1051,cbpA,19,10,5,1,3,1,1.9,3.3E-02
NC_016810.1,clip_peak_793,1156233,1156249,-,ATGATGCTATGGAACTT,5UTR,1156242,1156297,SL1344_1051_5UTR,cbpA_5UTR,19,10,5,1,3,1,1.9,3.3E-02
NC_016810.1,clip_peak_5494,2277399,2277420,+,AAACGCTGCTGATGGACGAGCA,CDS,2276882,2277766,SL1344_2160,cdd,30,33,14,3,0,1,3.1,9.7E-06
NC_016810.1,clip_peak_999,1461302,1461330,-,ATCACACTTTGTAATGGAAGACTGGCATA,CDS,1461087,1462235,SL1344_1359,cfa,156,90,49,0,1,5,4.1,3.0E-10
NC_016810.1,clip_peak_1001,1462034,1462057,-,AGAGTTACATGGATGGCTGGTGGG,CDS,1461087,1462235,SL1344_1359,cfa,50,27,15,4,2,3,2.6,7.7E-05
NC_016810.1,clip_peak_1409,1975104,1975128,-,TTGAATGCGGTGATGGAGTCGCTGC,CDS,1974745,1976760,SL1344_1856,cheA,31,48,38,0,0,2,4.2,4.2E-11
NC_016810.1,clip_peak_1410,1975276,1975298,-,GCGGCGTTGGCATGGATGTGGTG,CDS,1974745,1976760,SL1344_1856,cheA,10,18,10,1,0,0,3.1,1.2E-04
NC_016810.1,clip_peak_2660,3401892,3401922,-,GTGCGGGCGAACATGGACGTGGTTTTGCCGT,CDS,3401507,3403072,SL1344_3189,cheM,36,90,50,0,0,1,4.7,2.2E-12
NC_016810.1,clip_peak_2662,3402146,3402173,-,AACGGCGGCGTCGATGGAACAGATTACC,CDS,3401507,3403072,SL1344_3189,cheM,24,48,25,0,0,5,3.0,3.9E-05
NC_016810.1,clip_peak_1397,1969880,1969910,-,GTTCACCGCAGCGACTCTGGAAGAGAAGCTC,CDS,1969850,1970239,SL1344_1851,cheY,88,83,64,1,0,1,5.1,2.1E-18
NC_016810.1,clip_peak_1398,1970057,1970081,-,TATTATCTCCGACTGGAACATGCCG,CDS,1969850,1970239,SL1344_1851,cheY,99,87,22,1,2,5,3.5,3.7E-07
NC_016810.1,clip_peak_2111,2804109,2804130,-,AAAGACGCGGCGCTGGAACGTC,CDS,2802529,2805102,SL1344_2620,clpB,19,16,18,2,0,0,3.3,3.6E-06
NC_016810.1,clip_peak_658,978550,978587,-,TATAAGATTTACGAAGGATGTCGAAGCATGGAAACGGG,CDS,978339,978560,SL1344_0882,cspD,23,53,22,7,10,3,1.9,4.4E-03
NC_016810.1,clip_peak_658,978550,978587,-,TATAAGATTTACGAAGGATGTCGAAGCATGGAAACGGG,5UTR,978561,978647,SL1344_0882_5UTR,cspD_5UTR,23,53,22,7,10,3,1.9,4.4E-03
NC_016810.1,clip_peak_4272,692526,692547,+,AAAACTCTGGCTGAAGGTCAGC,CDS,692400,692612,SL1344_0617,cspE,9,22,4,1,2,0,2.2,2.0E-02
NC_016810.1,clip_peak_2442,3138476,3138506,-,ACAACGAAGCGAACGTCAGGATGATGACGCT,sRNA,3138161,3138522,ncRNA0007,CsrB,2231,2964,2107,49,48,63,5.3,7.3E-93
NC_016810.1,clip_peak_2443,3138324,3138373,-,GAGCCGATCAGGATGTTCGGCGGGTCTGGATGACCAGGGACGCTTCAGGA,sRNA,3138161,3138522,ncRNA0007,CsrB,2299,3233,1973,60,72,64,5.1,1.5E-71
NC_016810.1,clip_peak_2447,3138411,3138464,-,CGCCAGGATGGTGTTACAAGGAAAGGCTTCAGGATGAAGCAAAGTGGAAAGCGC,sRNA,3138161,3138522,ncRNA0007,CsrB,1582,1896,1676,76,76,39,4.5,3.1E-51
NC_016810.1,clip_peak_2445,3138264,3138297,-,GCAGGATGCAAACGTTCAGGATGAACAGGCCGTA,sRNA,3138161,3138522,ncRNA0007,CsrB,560,871,592,36,39,19,4.1,4.5E-30
NC_016810.1,clip_peak_2444,3138367,3138404,-,CGTTAAAGGACACCTCCAGGACGGAGAACGAGAGCCGA,sRNA,3138161,3138522,ncRNA0007,CsrB,984,1553,891,73,70,46,4.0,5.6E-31
NC_016810.1,clip_peak_2446,3138193,3138229,-,AGCACGAAAAGTAGCTGGAATGCTGCGAAACGAACCG,sRNA,3138161,3138522,ncRNA0007,CsrB,576,850,503,45,54,32,3.7,4.5E-27
NC_016810.1,clip_peak_6808,4231595,4231637,+,ATAGCGAGGACGCTAACAGGATCAACGACTCAGGATGAGGGTC,sRNA,4231595,4231838,ncRNA0008,CsrC,490,573,328,13,12,12,4.9,1.7E-40
NC_016810.1,clip_peak_6807,4231684,4231729,+,TCCGGAGACGTTAGTAAAAGGAAATGGAAACAACATGGAATGTTCC,sRNA,4231595,4231838,ncRNA0008,CsrC,532,671,414,25,8,15,4.6,2.6E-28
NC_016810.1,clip_peak_6810,4231646,4231684,+,CAGGAGGCGAAGACACAGGATTGTCAGGAAGACAAACGT,sRNA,4231595,4231838,ncRNA0008,CsrC,292,406,243,11,16,11,4.3,4.0E-31
NC_016810.1,clip_peak_6809,4231753,4231787,+,GTTGATAGCCAACAGGGATGGTGGAACCCGTTAAG,sRNA,4231595,4231838,ncRNA0008,CsrC,651,912,357,78,66,52,3.0,4.8E-13
NC_016810.1,clip_peak_6811,4231802,4231837,+,AAAAAAGGCGGCAGATTACTCTGTCGCCTTTTTTCT,sRNA,4231595,4231838,ncRNA0008,CsrC,45,67,52,25,12,7,1.7,2.6E-03
NC_016810.1,clip_peak_328,497223,497247,-,CGAAGTGGTTTCCATGGACTGGAAA,CDS,496677,497633,SL1344_0437,cyoA,169,155,170,1,1,0,6.1,1.8E-29
NC_016810.1,clip_peak_325,496710,496739,-,TCGCATGAAGGAATGGAAGGTATGGACATG,CDS,496677,497633,SL1344_0437,cyoA,12,15,7,2,0,0,2.6,1.3E-03
NC_016810.1,clip_peak_329,497511,497534,-,GGACAGATTGGACTGGAGCAACGT,CDS,496677,497633,SL1344_0437,cyoA,18,38,4,0,2,2,2.4,6.7E-03
NC_016810.1,clip_peak_327,496797,496821,-,TGATTTGTTCAAGGACGTTATTAAC,CDS,496677,497633,SL1344_0437,cyoA,23,24,25,4,5,11,1.7,2.6E-03
NC_016810.1,clip_peak_320,493766,493806,-,CCATCCTGGTTGTGGGCTCCATCTGGATTATGTGGAACCTC,CDS,493742,494071,SL1344_0434,cyoD,89,85,40,9,8,8,2.8,2.1E-08
NC_016810.1,clip_peak_318,493159,493181,-,CGCTTTAAGGACTATCAGGCGGC,CDS,492840,493730,SL1344_0433,cyoE,20,24,5,0,0,1,3.1,1.4E-04
NC_016810.1,clip_peak_4487,934723,934747,+,ACGTGTGTTTTTGGAATGGATACTC,5UTR,934650,934757,SL1344_0839_5UTR,dacC_5UTR,30,27,14,3,2,4,2.4,9.9E-05
NC_016810.1,clip_peak_1315,1860634,1860657,-,CTGAAGGCGATAAAATGGATGTTC,CDS,1859542,1860840,SL1344_1731,dadA,22,40,10,1,1,0,3.3,1.1E-05
NC_016810.1,clip_peak_1313,1860594,1860619,-,GCTGGCGGTGCGTCTGGATGGCACTC,CDS,1859542,1860840,SL1344_1731,dadA,13,17,7,1,3,0,2.3,4.5E-03
NC_016810.1,clip_peak_2885,3661362,3661383,-,AGACGACGCGTAATGGACAACC,CDS,3661226,3662503,SL1344_3452,damX,12,14,9,2,2,2,2.0,7.9E-03
NC_016810.1,clip_peak_5008,1547531,1547559,+,GTTCAGGCCTGGGACTGGATGTTCTATGC,CDS,1546541,1548583,SL1344_1442,dcp,24,19,2,0,0,0,2.9,8.8E-04
NC_016810.1,clip_peak_3537,4591508,4591532,-,ACAGTAATCGTACAGGGTAGTACCA,5UTR,4591295,4591543,SL1344_4262_5UTR,dcuA_5UTR,54,48,43,1,2,0,4.3,1.6E-13
NC_016810.1,clip_peak_3723,11660,11682,+,AGGCACGCGTGCTGGAGAACGCC,CDS,11593,13509,SL1344_0012,dnaK,122,72,76,3,1,4,4.3,4.4E-16
NC_016810.1,clip_peak_3033,3836728,3836760,-,ACGCCGGAAAAAGTGGATCTGAACCCGGTCGGC,CDS,3835747,3837303,SL1344_3596,dppA,51,58,27,1,1,0,4.3,4.4E-11
NC_016810.1,clip_peak_3034,3836804,3836831,-,TTGCCGATTTAGCCATGGACTTTGCCTC,CDS,3835747,3837303,SL1344_3596,dppA,29,14,12,1,0,0,3.4,8.3E-06
NC_016810.1,clip_peak_3032,3836236,3836264,-,AAGAAGCCGGTCTGGAAAAAGGCTTCACC,CDS,3835747,3837303,SL1344_3596,dppA,28,9,13,1,0,0,3.2,5.7E-05
NC_016810.1,clip_peak_3037,3837448,3837477,-,CGATTATGCGAACGGAATCCCCACCTCTCA,5UTR,3837304,3837518,SL1344_3596_5UTR,dppA_5UTR,21,13,10,3,3,0,2.2,3.8E-03
NC_016810.1,clip_peak_3026,3831852,3831874,-,GCCACGGCTGAATCCGGACGATC,CDS,3831655,3832668,SL1344_3592,dppF,10,11,17,0,0,0,3.4,1.8E-05
NC_016810.1,clip_peak_6801,4226052,4226080,+,ATTACGATGCGGCATGGAACAGCTTCGTG,CDS,4225637,4226260,SL1344_3945,dsbA,41,33,22,3,0,0,3.6,4.1E-08
NC_016810.1,clip_peak_430,669174,669192,-,AAAAAGCGTCATGGATACT,CDS,668750,669496,SL1344_0595,dsbG,16,6,14,0,2,1,2.5,2.4E-03
NC_016810.1,clip_peak_3890,257878,257903,+,ATTGGTTGCAGCACACTGGACGTGGT,CDS,257842,259038,SL1344_0221,dxr,62,43,24,1,2,1,3.8,2.1E-09
NC_016810.1,clip_peak_2426,3119382,3119410,-,AAGACATCACCCTGGCGATGGACTGCGCA,CDS,3118827,3120125,SL1344_2931,eno,71,42,38,5,2,0,3.5,3.7E-09
NC_016810.1,clip_peak_4244,658402,658427,+,TCCTGCGAGAGCAGGGCGTGGCGGAA,CDS,656928,658538,SL1344_0584,entE,9,12,9,2,4,3,1.4,9.1E-02
NC_016810.1,clip_peak_3902,266857,266876,+,ATCAGATGATCATGGAAGTC,CDS,266532,266987,SL1344_0228,fabZ,14,13,10,1,0,2,2.6,6.7E-04
NC_016810.1,clip_peak_6229,3407013,3407040,+,AAACCGTGTGCTGATGGGATCGATGCAC,CDS,3406960,3408978,SL1344_3192,fadH,77,71,33,2,4,4,3.5,4.8E-10
NC_016810.1,clip_peak_5632,2501152,2501176,+,TACTACGATGACAACTGGACGTTCC,CDS,2500105,2501418,SL1344_2360,fadL,23,27,10,3,3,4,2.1,2.5E-03
NC_016810.1,clip_peak_2531,3250930,3250953,-,ATCGATGGCCTGCTGGACGCGGGT,CDS,3250231,3251310,SL1344_3044,fba,85,58,42,0,1,4,4.1,1.8E-11
NC_016810.1,clip_peak_2529,3250724,3250749,-,AACAGCCACATGGACGCTTCTGCTCT,CDS,3250231,3251310,SL1344_3044,fba,16,17,5,0,3,0,2.3,1.1E-02
NC_016810.1,clip_peak_1649,2232766,2232791,-,ATGGGGCTAATTCTGGGACGTAAAGC,CDS,2232681,2233733,SL1344_2118,fbaB,57,36,18,1,1,0,3.9,2.1E-08
NC_016810.1,clip_peak_3773,90453,90470,+,CAGGAGTACGTATGTCCG,CDS,90464,91750,SL1344_0078,fixC,25,14,19,1,1,4,2.6,1.4E-04
NC_016810.1,clip_peak_4717,1224119,1224150,+,GGTAGATGTGGACTGGAACTCGGTCATCTCCT,CDS,1223286,1224239,SL1344_1121,flgL,19,33,21,13,6,10,1.2,5.6E-02
NC_016810.1,clip_peak_1415,1978911,1978935,-,CGCTGACTCGCGCATGGACGCTGGT,CDS,1978703,1979281,SL1344_1859,flhC,31,38,24,1,0,1,3.9,2.0E-09
NC_016810.1,clip_peak_1451,2002896,2002924,-,GAGCGTGGAACTGGACGATCTGCTACAAG,CDS,2002315,2003034,SL1344_1885,fliA,36,50,17,4,1,0,3.2,5.0E-06
NC_016810.1,clip_peak_1450,2002481,2002499,-,GACAGCGGGTAATGGATGC,CDS,2002315,2003034,SL1344_1885,fliA,13,14,5,1,0,0,2.8,7.3E-04
NC_016810.1,clip_peak_1452,2002994,2003015,-,CTGAAGGTGTAATGGATAAACA,CDS,2002315,2003034,SL1344_1885,fliA,17,10,11,1,1,1,2.6,6.0E-04
NC_016810.1,clip_peak_1189,1706795,1706818,-,GTACGACGCCGACTTAGATTAGTC,sRNA,1706784,1706905,ncRNA0013,FnrS,77,101,60,24,19,14,1.9,2.0E-06
NC_016810.1,clip_peak_3349,4314510,4314531,-,AAGGTGCAAAACTGGACTGACG,CDS,4313815,4314561,SL1344_4033,fpr,15,12,14,3,3,7,1.4,4.5E-02
NC_016810.1,clip_peak_3806,138498,138522,+,TGCCGGGCTGCGTGCTGGACGCACA,CDS,138340,139344,SL1344_0118,fruR,10,13,8,1,0,0,2.9,3.8E-04
NC_016810.1,clip_peak_2730,3486327,3486354,-,ATCCTGACTGACAATATGGATATTCTGC,CDS,3486106,3488040,SL1344_3268,ftsH,33,48,3,5,1,7,1.8,8.5E-02
NC_016810.1,clip_peak_4961,1500359,1500382,+,GCAGGACGAATGGACTCTTATGTT,CDS,1499039,1500685,SL1344_1398,fumA,32,31,23,0,0,0,4.4,4.3E-10
NC_016810.1,clip_peak_3518,4566765,4566788,-,CCGGAACTCGGCATGGAAGCTATC,CDS,4566657,4568303,SL1344_4237,fumB,18,16,10,0,3,3,2.2,2.5E-03
NC_016810.1,clip_peak_2844,3621097,3621121,-,ATCGTACACTATGGAATTCCTGAAG,CDS,3621040,3623154,SL1344_3413,fusA,16,7,21,4,3,2,1.8,2.1E-02
NC_016810.1,clip_peak_2845,3622995,3623016,-,GCAGCTACCATGGACTGGATGG,CDS,3621040,3623154,SL1344_3413,fusA,15,14,15,7,7,1,1.4,6.4E-02
NC_016810.1,clip_peak_5945,2962945,2962970,+,GGTTCAATCTGATGATGGAACATCAG,CDS,2962710,2964158,SL1344_2775,gabD,119,126,74,1,0,1,5.4,4.4E-20
NC_016810.1,clip_peak_5947,2963423,2963446,+,CCGCCAGCTAATGGAACAATGCGC,CDS,2962710,2964158,SL1344_2775,gabD,21,27,12,0,0,0,3.9,3.0E-07
NC_016810.1,clip_peak_5954,2966440,2966460,+,AAAATTCATTATGGACTGCGT,CDS,2965586,2966986,SL1344_2777,gabP,32,21,9,0,0,0,3.8,1.5E-06
NC_016810.1,clip_peak_5951,2964916,2964939,+,CGGTACGCTGTTCGCCATGGAACA,CDS,2964173,2965456,SL1344_2776,gabT,17,19,6,1,0,1,2.8,3.9E-04
NC_016810.1,clip_peak_6270,3452909,3452937,+,GCATTAGCGAAAACAGGCGTGGAATTAAT,CDS,3452174,3452947,SL1344_3235,gatR,36,38,35,11,16,19,1.2,7.0E-03
NC_016810.1,clip_peak_128,200601,200629,-,ACAATTTGGGATGGTGTCTTTTTATGGCA,CDS,198216,200606,SL1344_0170,gcd,10,18,29,1,5,3,2.1,5.3E-03
NC_016810.1,clip_peak_128,200601,200629,-,ACAATTTGGGATGGTGTCTTTTTATGGCA,5UTR,200607,200644,SL1344_0170_5UTR,gcd_5UTR,10,18,29,1,5,3,2.1,5.3E-03
NC_016810.1,clip_peak_2511,3232912,3232932,-,GGTGAAACGTCTGGATGATGT,CDS,3232857,3235730,SL1344_3029,gcvP,25,19,12,0,1,0,3.5,2.1E-06
NC_016810.1,clip_peak_5223,1850806,1850833,+,GGAAGGTGAACTGGAGCGTTTGACCCGC,CDS,1850384,1851709,SL1344_1723,gdhA,63,84,34,7,5,3,3.1,8.8E-09
NC_016810.1,clip_peak_5222,1850583,1850606,+,TTCCGGTACAAATGGATGATGGCA,CDS,1850384,1851709,SL1344_1723,gdhA,26,19,8,2,0,0,3.0,1.3E-04
NC_016810.1,clip_peak_5224,1851041,1851059,+,GTCAGCGGGCTGGAAGCCG,CDS,1850384,1851709,SL1344_1723,gdhA,12,12,9,0,0,1,3.0,1.8E-04
NC_016810.1,clip_peak_5227,1851555,1851573,+,TCAATGCGCGCATGGACAA,CDS,1850384,1851709,SL1344_1723,gdhA,28,13,10,1,4,0,2.4,2.6E-03
NC_016810.1,clip_peak_5226,1851300,1851329,+,TCTGGCGTCTGGAGATGGATATTCTGATCC,CDS,1850384,1851709,SL1344_1723,gdhA,14,16,3,1,3,0,1.9,5.0E-02
NC_016810.1,clip_peak_2940,3725457,3725484,-,AGGGACCTGCGCATGGACTGTGTGTGTT,CDS,3725444,3727420,SL1344_3504,glgX,137,148,59,0,0,7,4.1,3.5E-09
NC_016810.1,clip_peak_2942,3726596,3726620,-,CGCCGAGCTGGATCTGGACGGTCCA,CDS,3725444,3727420,SL1344_3504,glgX,38,39,34,2,0,2,3.8,8.5E-11
NC_016810.1,clip_peak_2645,3386821,3386858,-,ATTACTATCAGGAGCAAGGACGCGACTGGGAACGCTAC,CDS,3384745,3387588,SL1344_3174,glnE,75,91,83,15,15,16,2.3,1.7E-12
NC_016810.1,clip_peak_5561,2390433,2390458,+,CGTGAGCGAAATATGGACCCGCAACC,CDS,2389570,2390829,SL1344_2254,glpB,12,27,6,0,0,0,3.3,5.8E-05
NC_016810.1,clip_peak_5564,2391719,2391748,+,GTGTCATATGGAAAAAATGGGCTGGACGCT,CDS,2390826,2392016,SL1344_2255,glpC,18,18,9,4,5,2,1.7,2.2E-02
NC_016810.1,clip_peak_3364,4317333,4317366,-,CTGCGTCGTGGAAGAGAAGGACTCCACCGCGACC,CDS,4317309,4318154,SL1344_4036,glpF,74,84,33,7,0,4,3.3,3.6E-07
NC_016810.1,clip_peak_3366,4318026,4318053,-,TGCCGGAGCTACTTTTGGACAGTGGGAA,CDS,4317309,4318154,SL1344_4036,glpF,23,30,14,5,3,4,2.1,1.2E-03
NC_016810.1,clip_peak_3352,4315905,4315932,-,GGTTACTGGCAGAACCTGGACGAGCTGC,CDS,4315780,4317288,SL1344_4035,glpK,132,168,53,5,5,2,4.0,2.3E-12
NC_016810.1,clip_peak_3357,4316764,4316790,-,GATACCTGGCTTATCTGGAAGATGACG,CDS,4315780,4317288,SL1344_4035,glpK,66,72,29,1,0,7,3.4,1.1E-06
NC_016810.1,clip_peak_3360,4317122,4317149,-,AACACGACCCGATGGAAATTTGGGCGTC,CDS,4315780,4317288,SL1344_4035,glpK,25,42,12,2,0,1,3.2,1.1E-05
NC_016810.1,clip_peak_3361,4317212,4317241,-,CTCCCGCGCGGTCGTTATGGATCATGACGC,CDS,4315780,4317288,SL1344_4035,glpK,25,24,7,3,3,0,2.3,3.3E-03
NC_016810.1,clip_peak_3358,4316834,4316868,-,AAAGTGAAATGGATCCTTGACCATGTGGAAGGTTC,CDS,4315780,4317288,SL1344_4035,glpK,53,52,33,11,8,5,2.3,1.5E-06
NC_016810.1,clip_peak_1762,2387160,2387186,-,ATAACGTCGGCGGCGGGATCCCGCCAC,CDS,2386321,2387679,SL1344_2252,glpT,14,12,14,0,0,1,3.2,3.4E-05
NC_016810.1,clip_peak_528,796038,796063,-,GGTAACTTCCTGAACATGATGTTCTC,CDS,795365,796648,SL1344_0712,gltA,32,35,15,0,2,3,3.1,4.4E-06
NC_016810.1,clip_peak_527,795977,796003,-,CTAGAGCGCGCGATGGACCGTATTCTG,CDS,795365,796648,SL1344_0712,gltA,19,17,8,3,1,0,2.5,1.4E-03
NC_016810.1,clip_peak_475,726112,726135,-,CCGGGTGATCTTTATGGATGAAGG,CDS,726021,726746,SL1344_0651,gltL,21,45,19,2,8,2,2.3,8.7E-04
NC_016810.1,clip_peak_3058,3863965,3863988,-,CCATTGGACATGGAAGTCGGCGCG,CDS,3863164,3864075,SL1344_3621,glyQ,16,7,17,1,2,2,2.3,3.1E-03
NC_016810.1,clip_peak_554,836101,836123,-,AAATCCTGGAAACTCAATGAACG,CDS,835617,836369,SL1344_0749,gpmA,14,12,13,7,2,3,1.4,5.8E-02
NC_016810.1,clip_peak_2140,2833150,2833171,-,CAAAGCGGAAATGGAAAACCTG,CDS,2832775,2833365,SL1344_2654,grpE,56,44,36,0,0,1,4.7,7.5E-13
NC_016810.1,clip_peak_1297,1832459,1832484,-,CGCTTGATCAGGCGCTGGACAGCCTG,CDS,1831307,1832563,SL1344_1705,hemA,46,30,27,0,0,1,4.3,2.6E-10
NC_016810.1,clip_peak_3264,4165312,4165336,-,CCAGTCTGGCGGACATGAATGACCC,CDS,4164666,4165835,SL1344_3891,hemX,13,19,9,0,0,0,3.5,1.1E-05
NC_016810.1,clip_peak_7118,4628227,4628246,+,CGATATTATGGACCAACGCC,CDS,4627031,4628290,SL1344_4297,hflK,17,10,10,2,1,0,2.5,1.1E-03
NC_016810.1,clip_peak_6004,3042948,3042970,+,ATTCTTGAGCTCATGGATCAATT,CDS,3042432,3044093,SL1344_2856,hilA,18,17,8,0,0,0,3.5,8.1E-06
NC_016810.1,clip_peak_6003,3042489,3042513,+,ATACTCAACATGGACGGCTCCCTGC,CDS,3042432,3044093,SL1344_2856,hilA,20,24,22,7,0,3,2.3,4.9E-04
NC_016810.1,clip_peak_5999,3040401,3040428,+,AAAGGGATAATATGGAAAATGTAACCTT,CDS,3040412,3041341,SL1344_2855,hilD,13,41,11,0,0,0,3.6,5.0E-06
NC_016810.1,clip_peak_6001,3041068,3041089,+,CAGTAGACAGTGGAAGCTTACG,CDS,3040412,3041341,SL1344_2855,hilD,18,32,24,5,1,1,2.7,2.3E-05
NC_016810.1,clip_peak_5999,3040401,3040428,+,AAAGGGATAATATGGAAAATGTAACCTT,5UTR,3040377,3040411,SL1344_2855_5UTR,hilD_5UTR,13,41,11,0,0,0,3.6,5.0E-06
NC_016810.1,clip_peak_4129,507532,507561,+,TGCGCGGTCGTACTTCGAAGGATTCAGGTG,5UTR,507473,507590,SL1344_0445_5UTR,hupB_5UTR,22,45,11,5,1,2,2.4,1.8E-03
NC_016810.1,clip_peak_4405,851134,851157,+,ATCAGGCTGGCGACAATGGACCCG,CDS,851095,852318,SL1344_0764,hutI,28,23,2,0,0,0,3.0,6.1E-04
NC_016810.1,clip_peak_1077,1567765,1567791,-,TGCAGCCGGAATGTCTGGATGACTATG,CDS,1567541,1568149,SL1344_1465,hyaD2,45,64,33,2,3,0,3.8,2.2E-10
NC_016810.1,clip_peak_4767,1281717,1281745,+,CGCCGGAATTGAATGGAAAGCTGACTCTG,CDS,1281238,1282488,SL1344_1176,icdA,16,15,0,0,1,0,1.9,8.4E-02
NC_016810.1,clip_peak_4844,1371172,1371198,+,GCCGGTTTGTCGTATAATGGATTACGG,CDS,1371095,1371529,SL1344_1268,infC,73,106,32,2,0,0,4.5,2.5E-11
NC_016810.1,clip_peak_4846,1371399,1371420,+,AGCAAATCGGTATGGAAGTGCT,CDS,1371095,1371529,SL1344_1268,infC,12,10,10,3,3,0,1.8,2.3E-02
NC_016810.1,clip_peak_6683,4072494,4072528,+,GCGTTTCGCCAGACACTAACTTATTGAGTACTTTT,3UTR,4072365,4072599,SL1344_3811_3UTR,intA_3UTR,15,20,74,9,8,9,1.7,3.7E-02
NC_016810.1,clip_peak_2369,3060792,3060825,-,TCTGTATCAGCGTCAAGGACGATGATGTATGGAT,CDS,3060545,3060952,SL1344_2874,invB,8,28,7,1,0,1,2.6,1.8E-03
NC_016810.1,clip_peak_1983,2680375,2680392,-,TTTCTGACCCTGGACGGA,CDS,2679253,2680467,SL1344_2505,iscS,12,15,5,3,2,1,1.7,5.3E-02
NC_016810.1,clip_peak_6300,3495594,3495619,+,CTGCGGCTCGCTGGAATGGACGCGTC,CDS,3494764,3495735,SL1344_3277,ispB,32,27,17,0,1,2,3.4,3.0E-07
NC_016810.1,clip_peak_3099,3926213,3926234,-,CAAAAGCGGGCATGGACAGCCA,CDS,3925231,3926427,SL1344_3675,kbl,27,13,17,0,0,0,3.9,3.3E-07
NC_016810.1,clip_peak_2859,3629543,3629565,-,CTGGCGCGGCTATATGGAATAAG,CDS,3628693,3630498,SL1344_3424,kefB,27,19,20,0,0,2,3.5,2.8E-07
NC_016810.1,clip_peak_450,694782,694799,-,CGTGGACGTATGGATCGC,CDS,694350,695315,SL1344_0621,lipA,18,19,7,1,1,4,2.1,6.8E-03
NC_016810.1,clip_peak_4128,506466,506492,+,CGCTGCTGGATCGTATGGAAGTGATCC,CDS,505028,507382,SL1344_0444,lon,39,39,20,0,0,0,4.5,4.4E-10
NC_016810.1,clip_peak_965,1416483,1416506,-,CGCTACATGGAGATTAACTCAATC,5UTR,1416468,1416505,SL1344_1311_5UTR,lppA_5UTR,19,19,17,10,9,4,1.1,9.6E-02
NC_016810.1,clip_peak_1802,2438862,2438884,-,CAGGCGGTACTGCGAAGGATGCA,5UTR,2438780,2439167,SL1344_2299_5UTR,lrhA_5UTR,14,12,5,0,1,1,2.5,2.6E-03
NC_016810.1,clip_peak_4531,993337,993362,+,TTAATGAACTGCAAAAGGATGGGCGT,CDS,993279,993773,SL1344_0897,lrp,7,26,11,0,0,0,3.3,5.5E-05
NC_016810.1,clip_peak_6426,3699739,3699757,+,AAAGGGGTCATGGACGGCA,CDS,3698422,3701127,SL1344_3482,malT,17,28,17,0,0,2,3.4,1.5E-06
NC_016810.1,clip_peak_2784,3548281,3548305,-,GGCGAGAAGGGCGTGGTGGAATGCG,CDS,3548096,3549034,SL1344_3331,mdh,24,28,25,0,5,5,2.5,2.3E-05
NC_016810.1,clip_peak_5010,1550809,1550837,+,AAGCATTTACCGCTGGTGAACCGGCGGTT,sRNA,1550746,1550843,ncRNA0043,MgrR,89,65,44,22,33,27,1.2,1.6E-02
NC_016810.1,clip_peak_7196,4720065,4720095,+,ACCGGAGGCGACATGGACCCTGAACCCACCC,5UTR,4720006,4720270,SL1344_4387_5UTR,mgtA_5UTR,20,33,13,4,2,1,2.5,3.0E-04
NC_016810.1,clip_peak_7113,4624829,4624860,+,GAGGAGATTTGCATACGGACTTGCCTTCCATC,CDS,4624123,4625073,SL1344_4294,miaA,79,56,47,4,3,3,3.6,1.3E-12
NC_016810.1,clip_peak_5249,1869974,1869998,+,GTCGCTAAGGTACTGGACTCACTGA,CDS,1869671,1870483,SL1344_1743,minD,34,28,16,0,2,0,3.6,1.7E-07
NC_016810.1,clip_peak_1413,1977918,1977940,-,TTTACTGGCTTATGGATTCATTT,CDS,1977691,1978521,SL1344_1858,motA,24,16,8,0,0,0,3.6,6.8E-06
NC_016810.1,clip_peak_1208,1730138,1730158,-,CAATGGGCCGATGGAACGCCG,CDS,1728851,1730464,SL1344_1609,mppA,46,20,25,1,1,0,3.8,3.5E-08
NC_016810.1,clip_peak_6683,4072494,4072528,+,GCGTTTCGCCAGACACTAACTTATTGAGTACTTTT,sRNA,4072486,4072528,ncRNA0047,Msr,15,20,74,9,8,9,1.7,3.7E-02
NC_016810.1,clip_peak_3818,150081,150102,+,CCGCCGATCGTATGGAAGCGGA,CDS,149960,151027,SL1344_0128,murG,13,18,8,0,0,0,3.4,2.0E-05
NC_016810.1,clip_peak_4703,1211919,1211945,+,CCGGCTCGGTCTCATGGATGTACTATG,CDS,1211105,1212679,SL1344_1107,mviN,31,33,15,0,0,0,4.2,1.0E-08
NC_016810.1,clip_peak_4704,1212048,1212075,+,AGTACTGCCGCCTGATGGACTGGGGGCT,CDS,1211105,1212679,SL1344_1107,mviN,14,13,18,1,2,1,2.6,1.5E-04
NC_017718.1,clip_peak_7447,31002,31030,+,ACATGATGGAGCTGCTGGACAAACTCCCG,na,na,na,na,na,168,134,81,1,0,3,5.1,3.8E-19
NC_016810.1,clip_peak_5348,2041722,2041748,+,TTTGTACCGGCTGTCAGGTTGATGGCA,na,na,na,na,na,204,140,116,2,5,3,4.8,3.8E-23
NC_016810.1,clip_peak_3337,4296452,4296471,-,CCCGAACGTCAGGACGGATG,na,na,na,na,na,30,28,25,0,0,0,4.4,3.5E-10
NC_016810.1,clip_peak_2072,2772458,2772476,-,GGCTGCGGGTCCGGATGAT,na,na,na,na,na,39,41,49,2,1,0,4.2,2.9E-12
NC_017720.1,clip_peak_7662,33366,33392,+,ACTGCGGGCGATTTCATGGAAGGAATC,na,na,na,na,na,22,40,14,0,0,0,4.1,6.0E-08
NC_017718.1,clip_peak_7448,31200,31239,+,AGGAAGGCAGGATGGAAGGACGCATGGAAGGACGCATGGA,na,na,na,na,na,68,91,38,1,2,3,4.0,7.7E-12
NC_017719.1,clip_peak_7527,983,1005,+,GGAAAGCGGCCTATGGAGCTGTG,na,na,na,na,na,69,36,15,0,0,1,4.0,5.1E-08
NC_017720.1,clip_peak_7682,55953,55980,+,GATATGCTGGGCAGCATGGAGTTTGCCT,na,na,na,na,na,30,21,14,0,0,0,4.0,1.1E-07
NC_017718.1,clip_peak_7465,42722,42751,+,CGGCATATTGTTCAGCGGGAAGAACAGGTT,na,na,na,na,na,129,106,64,9,1,2,3.9,1.4E-11
NC_016810.1,clip_peak_2087,2787248,2787264,-,CAGGACGCACGGAAAAC,na,na,na,na,na,30,24,18,1,0,0,3.9,3.5E-08
NC_017718.1,clip_peak_7466,42867,42892,+,GGGGTTCTTTCTCCAGTGATGGAGAA,na,na,na,na,na,79,49,69,3,5,1,3.8,1.6E-13
NC_016810.1,clip_peak_5274,1913652,1913674,+,AGCATGGCATCAATGGACTGATA,na,na,na,na,na,44,54,41,3,2,1,3.8,4.4E-12
NC_016810.1,clip_peak_5386,2091085,2091109,+,CCCGATCAAAGGAATGGAACGTCCA,na,na,na,na,na,22,21,17,1,0,0,3.7,1.7E-07
NC_016810.1,clip_peak_2306,3042170,3042194,-,CTGTGATTATCGAATGGACGCTGCC,na,na,na,na,na,25,42,16,1,1,0,3.7,2.1E-07
NC_017720.1,clip_peak_7582,42560,42581,-,AGTGGCTGACCACGGACGAATA,na,na,na,na,na,10,19,14,0,0,0,3.5,6.3E-06
NC_017718.1,clip_peak_7340,5909,5939,-,CAGAACTGACCATGGACGAATGGCTCTGTGC,na,na,na,na,na,121,146,44,4,9,2,3.5,9.9E-09
NC_017718.1,clip_peak_7338,5460,5484,-,TTTCTGTATTGCATGGACAGCATAC,na,na,na,na,na,15,15,9,0,0,0,3.5,1.1E-05
NC_017719.1,clip_peak_7515,1403,1430,-,ATGTGCGCATCAGCATGGACGAGGTGCG,na,na,na,na,na,38,25,19,3,0,0,3.4,7.1E-07
NC_017720.1,clip_peak_7703,76179,76208,+,GAGGCGCTCTGGACAAGGACAATCTGGACA,na,na,na,na,na,23,16,11,0,1,0,3.4,7.3E-06
NC_016810.1,clip_peak_5031,1584720,1584740,+,ACGCTAAAATAATGGACTATT,na,na,na,na,na,11,9,17,0,0,0,3.4,2.6E-05
NC_017720.1,clip_peak_7575,34476,34496,-,TATCTGTACAAATGGACTGGT,na,na,na,na,na,26,14,19,1,1,0,3.4,2.1E-06
NC_016810.1,clip_peak_5275,1913688,1913709,+,AGGAAGGGTGCATGGACGATCC,na,na,na,na,na,35,39,33,3,3,2,3.2,1.5E-09
NC_017719.1,clip_peak_7526,879,911,+,TCATACGGATGCTCGGGTCGAAAGGGAATCCCC,na,na,na,na,na,57,59,33,7,0,4,3.2,1.6E-07
NC_016810.1,clip_peak_1740,2361950,2361972,-,TTGTGGGCGGATTTACGGACACA,na,na,na,na,na,8,20,6,0,0,0,3.1,2.2E-04
NC_017720.1,clip_peak_7676,50420,50441,+,TTTTCAGAGCATGGACTGATGA,na,na,na,na,na,11,12,8,0,1,0,2.9,3.2E-04
NC_016810.1,clip_peak_3878,240785,240811,+,TTCGGTGCGTAGGATCATGGGGATCTC,na,na,na,na,na,10,23,11,1,0,1,2.9,2.1E-04
NC_017720.1,clip_peak_7551,11245,11277,-,AGGCTGCACAGGAAAGGATGCCTGGCGCGGATA,na,na,na,na,na,44,40,32,8,1,3,2.9,2.3E-07
NC_016810.1,clip_peak_6689,4086263,4086288,+,CCGAAATACATGGACAGTCCCCCGGC,na,na,na,na,na,16,11,9,0,1,1,2.8,3.9E-04
NC_016810.1,clip_peak_1172,1683351,1683371,-,TTAAGGCTGGAATGGAAGACA,na,na,na,na,na,10,29,12,2,1,0,2.7,4.9E-04
NC_017718.1,clip_peak_7494,70772,70794,+,ATCTGGAGGTAATGGAGGATCTG,na,na,na,na,na,25,16,5,0,1,1,2.7,1.1E-03
NC_016810.1,clip_peak_4933,1458500,1458526,+,GGTGCGTCTGAATGGACTCGAACCATC,na,na,na,na,na,15,34,10,3,0,0,2.7,8.1E-04
NC_017720.1,clip_peak_7603,56942,56962,-,AGCAGGATCTATGGACGGTTT,na,na,na,na,na,16,17,5,0,0,2,2.6,1.7E-03
NC_017719.1,clip_peak_7520,2899,2921,-,TGCGCGAGTGCCTGGAAGAACTC,na,na,na,na,na,16,13,6,2,0,0,2.6,1.5E-03
NC_017720.1,clip_peak_7549,10298,10319,-,TCCCAGGGATGGCTGAACCGTG,na,na,na,na,na,10,13,7,2,0,1,2.3,5.2E-03
NC_017720.1,clip_peak_7579,37741,37762,-,AACAGGGCGGTTTTGTGGACAA,na,na,na,na,na,23,14,9,1,0,4,2.3,5.2E-03
NC_016810.1,clip_peak_2209,2949168,2949188,-,AACGCTATGCCTGGATGTATA,na,na,na,na,na,25,10,12,0,4,2,2.2,6.6E-03
NC_017720.1,clip_peak_7687,60100,60123,+,ACTTTGCGGCTTTTATGGATGATG,na,na,na,na,na,14,14,5,1,2,1,2.1,1.3E-02
NC_017718.1,clip_peak_7411,3459,3486,+,TGCGGCGCACCATCATGGACAGATGTGG,na,na,na,na,na,17,15,20,3,2,4,2.1,8.2E-04
NC_016810.1,clip_peak_5314,1995676,1995695,+,CGAAAGTAGCTGGAAAGACG,na,na,na,na,na,6,9,18,1,3,1,1.9,2.4E-02
NC_017720.1,clip_peak_7685,58731,58749,+,GATGGAGCATTATGGACTG,na,na,na,na,na,16,21,10,1,5,3,1.9,7.6E-03
NC_017720.1,clip_peak_7633,83878,83893,-,CAGTGCTGTCTTCACC,na,na,na,na,na,11,13,11,2,3,4,1.6,3.5E-02
NC_017720.1,clip_peak_7550,10481,10512,-,GCTTGACCCGTCCAGTGAACGGACGGTGTATC,na,na,na,na,na,16,21,16,8,3,7,1.5,2.0E-02
NC_017720.1,clip_peak_7558,15585,15617,-,ATTCCCTTATACCCTGGACGGACAGGGGGATGC,na,na,na,na,na,27,28,12,7,6,12,1.3,8.4E-02
NC_016810.1,clip_peak_495,742583,742610,-,AATATACTACCGCAATGGACTGTGTGTG,CDS,742328,743482,SL1344_0665,nagA,123,110,76,7,0,3,4.3,8.4E-16
NC_016810.1,clip_peak_497,743754,743775,-,GTGGGTACTCTGCTGGATGCGG,5UTR,743483,743944,SL1344_0665_5UTR,nagA_5UTR,21,17,9,1,1,0,3.0,5.8E-05
NC_016810.1,clip_peak_498,744119,744139,-,CTTTAATATGGACGAATATGT,CDS,743542,744342,SL1344_0666,nagB,22,19,4,0,0,0,3.2,1.6E-04
NC_016810.1,clip_peak_497,743754,743775,-,GTGGGTACTCTGCTGGATGCGG,CDS,743542,744342,SL1344_0666,nagB,21,17,9,1,1,0,3.0,5.8E-05
NC_016810.1,clip_peak_495,742583,742610,-,AATATACTACCGCAATGGACTGTGTGTG,5UTR,742324,742596,SL1344_0664_5UTR,nagC_5UTR,123,110,76,7,0,3,4.3,8.4E-16
NC_016810.1,clip_peak_4743,1249678,1249699,+,ACGCCGGGAGCTCATGGACTCA,CDS,1248749,1249774,SL1344_1146,nagZ,29,22,17,1,1,0,3.6,2.3E-07
NC_016810.1,clip_peak_5530,2344347,2344371,+,CAATGTGGCAAATCTGGACGATTTC,5UTR,2344341,2344417,SL1344_2222_5UTR,narP_5UTR,104,132,72,1,4,1,4.7,3.0E-18
NC_016810.1,clip_peak_5550,2380102,2380126,+,CGTACGTCACATGGACTACGGCGTA,CDS,2379116,2381401,SL1344_2246,nrdA,18,26,10,5,1,2,2.1,4.8E-03
NC_016810.1,clip_peak_760,1118098,1118120,-,ATGGGCTACGACTGGTTAGGCCG,CDS,1117287,1118339,SL1344_1010,ompA,30,35,23,7,0,3,2.6,3.6E-05
NC_016810.1,clip_peak_761,1118343,1118375,-,TCATGGCGTATTTTGGATGATAACGAGGCGCAA,5UTR,1118340,1118472,SL1344_1010_5UTR,ompA_5UTR,51,51,8,1,4,3,2.7,3.8E-04
NC_016810.1,clip_peak_1745,2364368,2364391,-,TTTGCGGAGAATGGACTTGCCGAC,5UTR,2364128,2364373,SL1344_2237_5UTR,ompC_5UTR,7,23,9,1,0,1,2.6,1.5E-03
NC_016810.1,clip_peak_4448,899265,899293,+,CGTTGACGTTGGCACCTGGATTGCTGGCG,CDS,898795,899310,SL1344_0808,ompX,119,100,46,3,3,2,4.1,3.3E-13
NC_016810.1,clip_peak_1364,1929473,1929496,-,GTTATGTACGGATATGGACTCCGG,CDS,1929373,1931424,SL1344_1813,opdB,48,64,35,0,5,2,3.6,7.3E-10
NC_016810.1,clip_peak_1365,1930240,1930264,-,CTTGTTTGAACTGGATATGGATACC,CDS,1929373,1931424,SL1344_1813,opdB,18,19,10,1,2,2,2.5,4.5E-04
NC_016810.1,clip_peak_7285,4836618,4836644,+,AAAGTCGGTAACTTCATGGATGACAGC,CDS,4836462,4837079,SL1344_4489,osmY,80,47,33,5,6,4,2.9,7.4E-08
NC_016810.1,clip_peak_1421,1981764,1981784,-,CATGATGAACTGCTGGAGCAG,CDS,1980867,1982288,SL1344_1862,otsA,26,16,11,0,2,2,2.7,2.0E-04
NC_016810.1,clip_peak_1420,1981293,1981327,-,ATGGGAAATATGGACAATTGGGCTGGACGCCGCTC,CDS,1980867,1982288,SL1344_1862,otsA,50,51,56,3,12,7,2.6,1.9E-08
NC_016810.1,clip_peak_1422,1982850,1982880,-,TCAATGACTGAGCTGGATGCTTTGGCGAAGC,CDS,1982263,1983066,SL1344_1863,otsB,34,17,9,7,3,1,1.9,1.9E-02
NC_016810.1,clip_peak_4773,1289329,1289356,+,TCTGTTGAGCCTGAAGGTATTCATTACC,CDS,1289191,1289661,SL1344_1184,pagC,25,41,8,2,3,2,2.5,7.6E-04
NC_016810.1,clip_peak_4379,816820,816848,+,GCGCCGGCACTGGTATGGACGCTAACGGC,CDS,816702,817226,SL1344_0731,pal,144,137,100,1,4,0,5.2,4.7E-23
NC_016810.1,clip_peak_6406,3678726,3678750,+,GTTCTCGGTAATGAACTACCTGCTG,CDS,3678085,3679704,SL1344_3467,pckA,24,14,17,0,0,0,3.9,2.5E-07
NC_016810.1,clip_peak_229,360481,360506,-,TCGGCCACTACTGGACTCTGCTGACC,CDS,360451,361908,SL1344_0312,pepD,34,49,47,1,0,2,4.2,6.8E-12
NC_016810.1,clip_peak_4623,1101106,1101130,+,TTGACCGTGGCAATCTGGATCGTGC,CDS,1100463,1103075,SL1344_0997,pepN,22,15,10,1,0,1,3.0,5.4E-05
NC_016810.1,clip_peak_675,1009298,1009317,-,AAAGAGACCATGGAGCGTGT,CDS,1009255,1010079,SL1344_0907,pflA,34,16,11,3,4,0,2.3,3.1E-03
NC_016810.1,clip_peak_680,1012485,1012510,-,GCATGGATCACTTCATGGACTGGCTG,CDS,1011663,1013945,SL1344_0910,pflB,45,19,31,1,0,0,4.1,5.4E-09
NC_016810.1,clip_peak_2532,3252282,3252300,-,CAAAGATTACCTGGACGGC,CDS,3251412,3252575,SL1344_3045,pgk,46,40,12,5,7,4,2.1,2.2E-03
NC_016810.1,clip_peak_1442,1993586,1993614,-,TCTGCTCTGCGTGAATGGATGGCGGAGCT,CDS,1993381,1993929,SL1344_1875,pgsA,10,21,12,0,1,0,3.2,4.7E-05
NC_016810.1,clip_peak_3507,4550992,4551014,-,AAGGGCAAATCGAAATGGACTGG,CDS,4550896,4551339,SL1344_4225,phnB,44,19,14,0,1,1,3.4,2.7E-06
NC_016810.1,clip_peak_4088,450541,450573,+,GGAAGAAGATCGTGTGCGCGGGCTGGAAACCGG,CDS,450281,450970,SL1344_0392,phoB,25,25,14,8,11,8,1.1,7.8E-02
NC_016810.1,clip_peak_866,1275244,1275263,-,AAATTATTATGGACGCAGCG,CDS,1274079,1275542,SL1344_1168,phoQ,20,13,9,2,0,0,2.9,2.3E-04
NC_016810.1,clip_peak_4089,451044,451067,+,TGGAACGGCTGTCATGGAAAAGGC,CDS,451040,452335,SL1344_0393,phoR,11,19,5,1,0,2,2.3,6.8E-03
NC_016810.1,clip_peak_2558,3281518,3281543,-,CAAACAAGGACGCATGGAGAACGCGC,CDS,3280649,3281629,SL1344_3074,pilT,14,11,10,0,1,0,3.0,1.3E-04
NC_016810.1,clip_peak_776,1134489,1134513,-,ATATGACGCGTTAGGCCTGGATGCG,CDS,1134195,1134536,SL1344_1029,pipC,23,14,14,3,0,1,2.7,1.3E-04
NC_016810.1,clip_peak_1771,2409280,2409303,-,AACGGGGGCGCTATGGAATGGTTG,CDS,2409034,2409291,SL1344_2273,pmrD,16,12,8,0,2,1,2.5,1.2E-03
NC_016810.1,clip_peak_1771,2409280,2409303,-,AACGGGGGCGCTATGGAATGGTTG,5UTR,2409292,2409317,SL1344_2273_5UTR,pmrD_5UTR,16,12,8,0,2,1,2.5,1.2E-03
NC_016810.1,clip_peak_2715,3470468,3470490,-,TCCTGGGCGTGATGGAACAGGCG,CDS,3469952,3472087,SL1344_3255,pnp,20,32,5,0,1,0,3.1,2.0E-04
NC_016810.1,clip_peak_2716,3470608,3470628,-,ACCTGGGCGATATGGACTTCA,CDS,3469952,3472087,SL1344_3255,pnp,16,9,11,1,0,0,3.0,1.4E-04
NC_016810.1,clip_peak_4968,1514253,1514275,+,CAACGTGGCATGGATTCTGGTCG,CDS,1514089,1515477,SL1344_1410,pntB,41,28,17,0,0,0,4.3,4.9E-09
NC_016810.1,clip_peak_648,968360,968383,-,CATTTAAGGAGATGGAGAACCATG,CDS,966644,968362,SL1344_0874,poxB,37,19,17,0,0,0,4.1,4.7E-08
NC_016810.1,clip_peak_648,968360,968383,-,CATTTAAGGAGATGGAGAACCATG,5UTR,968363,968390,SL1344_0874_5UTR,poxB_5UTR,37,19,17,0,0,0,4.1,4.7E-08
NC_016810.1,clip_peak_2301,3039034,3039055,-,CGCACATGGGGAGGACGCTATG,CDS,3038918,3040096,SL1344_2854,prgH,13,22,4,4,2,0,1.7,8.5E-02
NC_016810.1,clip_peak_2298,3038722,3038749,-,AGTAAGCTCTCGGAATATAACTTGTACC,CDS,3038651,3038893,SL1344_2853,prgI,51,111,36,9,0,0,2.8,9.4E-04
NC_016810.1,clip_peak_2297,3038556,3038583,-,TCAATATCAGGTCTATGGAAACGGACAT,CDS,3038327,3038632,SL1344_2852,prgJ,738,800,651,23,21,23,4.9,5.0E-81
NC_016810.1,clip_peak_2296,3038242,3038275,-,AGGATAAGGATCTTTTAAAAGGACTGGACCAGGA,CDS,3037572,3038330,SL1344_2851,prgK,58,69,39,15,7,10,2.2,5.2E-06
NC_016810.1,clip_peak_282,438815,438839,-,AAGCCGTACGCGTTCTGGAAGAACG,CDS,438742,439551,SL1344_0381,proC,23,24,13,3,0,5,2.2,2.3E-03
NC_016810.1,clip_peak_4058,417882,417907,+,AATTCGGGCGGCAGTGGATGCGCGCA,CDS,417463,418350,SL1344_0363,prpB,15,31,11,0,0,0,3.7,2.2E-06
NC_016810.1,clip_peak_4061,418780,418801,+,CCTCGCACCCGATGGACGTGAT,CDS,418473,419642,SL1344_0364,prpC,30,37,16,2,0,1,3.5,3.6E-07
NC_016810.1,clip_peak_4062,419277,419299,+,GTGATTGGCTTTGGACATCCGGT,CDS,418473,419642,SL1344_0364,prpC,19,19,6,2,3,3,1.9,1.3E-02
NC_016810.1,clip_peak_4063,420499,420524,+,ACGGCTCCTACGTGATGGAAAACGTG,CDS,419682,421133,SL1344_0365,prpD,12,27,11,0,0,0,3.6,5.6E-06
NC_016810.1,clip_peak_5822,2792642,2792663,+,GTGAGGCGGATGGACAATGCTG,5UTR,2792627,2793067,SL1344_2616_5UTR,pssA_5UTR,17,8,12,1,2,1,2.3,2.3E-03
NC_016810.1,clip_peak_5660,2544089,2544105,+,AGAAGGTAAATGGACTG,CDS,2542608,2544335,SL1344_2395,ptsI,16,18,11,0,2,2,2.6,2.7E-04
NC_016810.1,clip_peak_6746,4155599,4155624,+,TCGCTTGTGAAATGGACGTCATCATG,CDS,4155208,4156338,SL1344_3884,rffA,27,13,24,2,1,0,3.2,4.8E-06
NC_016810.1,clip_peak_4636,1114103,1114121,+,CATGGAGGACAGGGCGGTA,CDS,1113963,1114130,SL1344_1006,rmf,18,13,11,0,0,1,3.2,2.2E-05
NC_016810.1,clip_peak_2834,3613587,3613612,-,AGTCCTGTATGAAATGGACGGCGTAC,CDS,3613501,3613911,SL1344_3400,rplP,121,104,47,4,0,9,3.4,2.7E-07
NC_016810.1,clip_peak_6928,4389183,4389206,+,CAGGTTGACTACATGGACGTTTCC,CDS,4387239,4391267,SL1344_4092,rpoB,90,89,70,2,1,0,5.0,3.7E-19
NC_016810.1,clip_peak_2076,2779922,2779942,-,ATAGCGGCTATCATGGATTGT,CDS,2779841,2780416,SL1344_2604,rpoE,32,13,8,1,1,0,3.0,1.9E-04
NC_016810.1,clip_peak_2077,2780461,2780483,-,TAGTGCGGCTTATGGAGTGGCGT,5UTR,2780417,2780633,SL1344_2604_5UTR,rpoE_5UTR,86,58,28,1,1,0,4.4,4.3E-11
NC_016810.1,clip_peak_5044,1602367,1602384,+,TCATATACTTGGACTGGA,CDS,1602344,1602487,SL1344_1495,rpsV,20,17,6,2,0,2,2.4,3.2E-03
NC_016810.1,clip_peak_2076,2779922,2779942,-,ATAGCGGCTATCATGGATTGT,5UTR,2779810,2780036,SL1344_2603_5UTR,rseA_5UTR,32,13,8,1,1,0,3.0,1.9E-04
NC_016810.1,clip_peak_2075,2778668,2778693,-,ATATCGTCTGGATGGACATGGACACC,CDS,2778203,2779159,SL1344_2602,rseB,14,22,23,3,0,2,2.7,6.3E-05
NC_016810.1,clip_peak_6064,3143299,3143324,+,ATGCTGGTCACCACCTGGATTGTGGC,CDS,3142234,3143523,SL1344_2950,sdaC,131,144,157,0,1,1,5.9,4.5E-27
NC_016810.1,clip_peak_6063,3143127,3143151,+,GCCGATCATCGCCTGGATGGCGCCG,CDS,3142234,3143523,SL1344_2950,sdaC,32,11,8,0,0,0,3.4,3.1E-05
NC_016810.1,clip_peak_4354,798827,798853,+,CGGTGCAGGACATGGAAATGTGGCAGT,CDS,798133,799899,SL1344_0716,sdhA,35,81,36,1,0,0,4.5,3.6E-11
NC_016810.1,clip_peak_4356,799336,799359,+,GGTAACTCACTGCTGGATCTGGTG,CDS,798133,799899,SL1344_0716,sdhA,35,39,20,7,3,1,2.6,1.6E-05
NC_016810.1,clip_peak_4355,799090,799109,+,AAAGAGGTGCTGGAATCTCG,CDS,798133,799899,SL1344_0716,sdhA,12,22,7,1,1,1,2.6,1.1E-03
NC_016810.1,clip_peak_4348,797586,797606,+,GCCGACATCATGGACGGCTTC,CDS,797403,797792,SL1344_0714,sdhC,33,21,13,1,2,2,2.8,3.4E-05
NC_016810.1,clip_peak_4351,797989,798013,+,CTTGATTCATGCCTGGATCGGCATG,CDS,797786,798133,SL1344_0715,sdhD,9,23,16,0,2,4,2.2,4.8E-03
NC_016810.1,clip_peak_4350,797915,797937,+,ACCTTTGAAGCCTGGACCGGTTT,CDS,797786,798133,SL1344_0715,sdhD,23,19,12,5,5,4,1.6,1.1E-02
NC_016810.1,clip_peak_4352,798091,798118,+,GGTTTACGTCATCTATGGATTTGTTGTG,CDS,797786,798133,SL1344_0715,sdhD,19,12,13,7,1,5,1.5,5.7E-02
NC_016810.1,clip_peak_1358,1925632,1925668,-,GAGCCATTTCCCTGGACCGAATACAGGAATCGTATTC,sRNA,1925621,1925723,ncRNA0070,SdsR,378,305,177,40,20,79,2.3,5.7E-05
NC_016810.1,clip_peak_3828,160302,160328,+,TTAAAGCGGACTGGCAGGTACGCCATG,CDS,158693,161398,SL1344_0136,secA,42,73,60,0,0,0,5.2,7.2E-15
NC_016810.1,clip_peak_4538,1001553,1001578,+,CTGGTGGCTGTGATGGAAAACTATCA,CDS,1000359,1001651,SL1344_0901,serS,25,28,3,4,2,0,2.0,4.3E-02
NC_016810.1,clip_peak_2315,3046274,3046293,-,ACATACTGCAGGAATATGCT,CDS,3046265,3046657,SL1344_2859,sicP,11,18,19,7,3,0,1.8,2.1E-02
NC_016810.1,clip_peak_778,1135106,1135130,-,TTGGCCTTAAGGCATCGGATAGCTA,CDS,1134553,1136238,SL1344_1030,sigD,16,21,9,0,1,2,2.8,2.6E-04
NC_016810.1,clip_peak_7028,4520198,4520226,+,GTGAATATACTATGGACGTGAAATTCATT,CDS,4503766,4520445,SL1344_4197,siiE,115,147,80,3,3,2,4.6,1.4E-19
NC_016810.1,clip_peak_7024,4515508,4515535,+,AGTATTGATTTGCTGGATGCGGATGATA,CDS,4503766,4520445,SL1344_4197,siiE,18,34,27,2,1,0,3.5,1.4E-07
NC_016810.1,clip_peak_7012,4505220,4505246,+,TAAAGATGGGACATGGAGCTATACGCT,CDS,4503766,4520445,SL1344_4197,siiE,37,66,36,3,4,2,3.3,2.8E-09
NC_016810.1,clip_peak_7023,4513846,4513870,+,CAGGTACGCGTAACCCTGGATGGTG,CDS,4503766,4520445,SL1344_4197,siiE,24,17,23,3,1,0,3.0,4.2E-06
NC_016810.1,clip_peak_7017,4510130,4510156,+,AACCGACTATCGTGCTGGACAGCACGG,CDS,4503766,4520445,SL1344_4197,siiE,15,14,11,2,1,1,2.5,6.0E-04
NC_016810.1,clip_peak_7021,4512426,4512446,+,GGATATGGGCGATGGAAAACA,CDS,4503766,4520445,SL1344_4197,siiE,21,22,5,1,1,3,2.3,4.8E-03
NC_016810.1,clip_peak_2318,3047494,3047515,-,AAAGCGAAAATGGAGACTCTCA,CDS,3047255,3049312,SL1344_2861,sipA,19,18,9,0,1,0,3.3,1.8E-05
NC_016810.1,clip_peak_2320,3048588,3048608,-,CAGCGTAGGACGGGAAGCCCG,CDS,3047255,3049312,SL1344_2861,sipA,21,33,10,0,3,1,2.8,1.5E-04
NC_016810.1,clip_peak_2343,3051934,3051962,-,AAAGTGGCGTTGGGCATGGAAGTCACGAA,CDS,3051690,3053471,SL1344_2864,sipB,161,189,103,7,12,7,3.8,5.7E-18
NC_016810.1,clip_peak_2348,3052281,3052302,-,CAAAGCGCTGGAAGGATTAGGC,CDS,3051690,3053471,SL1344_2864,sipB,32,66,25,0,0,3,3.7,7.4E-08
NC_016810.1,clip_peak_2354,3053094,3053117,-,AAAGAGATGGGGATTCAGGTATCG,CDS,3051690,3053471,SL1344_2864,sipB,26,39,14,1,2,0,3.4,1.5E-06
NC_016810.1,clip_peak_2349,3052313,3052339,-,TGAAGCCGTTAATGGAGCTGATTGGCA,CDS,3051690,3053471,SL1344_2864,sipB,31,44,15,3,2,3,2.8,1.7E-05
NC_016810.1,clip_peak_2347,3052255,3052274,-,AAGAAAACGGCAGAGATGGC,CDS,3051690,3053471,SL1344_2864,sipB,11,13,7,2,1,1,2.2,6.8E-03
NC_016810.1,clip_peak_2355,3053064,3053091,-,AGAATTCCAGACGGCTCTGGGAGAGGCT,CDS,3051690,3053471,SL1344_2864,sipB,10,14,10,2,0,3,2.0,9.8E-03
NC_016810.1,clip_peak_2350,3052381,3052402,-,TGAAGGCGGCGACGGGAGTGTC,CDS,3051690,3053471,SL1344_2864,sipB,9,16,7,2,1,2,2.0,1.6E-02
NC_016810.1,clip_peak_2352,3052586,3052606,-,GTCAGGCGGAGATGGAAAAGA,CDS,3051690,3053471,SL1344_2864,sipB,14,17,11,3,4,1,1.9,7.1E-03
NC_016810.1,clip_peak_2339,3051085,3051120,-,CGCGCTTCAGTTGGGGATCACTGGCGTGGGCGCCAA,CDS,3050433,3051662,SL1344_2863,sipC,23,45,39,2,6,0,3.0,2.0E-06
NC_016810.1,clip_peak_2337,3050716,3050741,-,CAGAATACCATGGATATGACCCGAAT,CDS,3050433,3051662,SL1344_2863,sipC,12,17,7,5,0,0,1.8,8.4E-02
NC_016810.1,clip_peak_2325,3049508,3049537,-,AAAGACTCAAAACTCGAAATGGATAACGCC,CDS,3049331,3050362,SL1344_2862,sipD,35,57,21,2,1,5,3.0,4.9E-06
NC_016810.1,clip_peak_2327,3049608,3049638,-,ATAGCTGCCTGAAATCTTATGGATCCGGTTA,CDS,3049331,3050362,SL1344_2862,sipD,7,19,7,2,0,0,2.4,5.3E-03
NC_016810.1,clip_peak_2317,3047221,3047243,-,AGATGCGATGAATATGGATATTG,CDS,3046988,3047236,SL1344_2860,sipF,7,19,11,4,2,0,1.9,3.4E-02
NC_016810.1,clip_peak_2316,3047114,3047139,-,ATCTTTACGCTGACTCATTGGATTTA,CDS,3046988,3047236,SL1344_2860,sipF,12,15,10,5,1,2,1.7,2.9E-02
NC_016810.1,clip_peak_3730,21916,21936,+,TTCTGGATTACGCGACGTTAC,CDS,20058,23054,SL1344_0019,SL1344_0019,50,43,25,0,1,3,3.7,3.0E-09
NC_016810.1,clip_peak_3779,94212,94233,+,CTGATCGGAACATGGAAAACCA,CDS,94134,94550,SL1344_0082,SL1344_0082,50,47,12,1,2,1,3.4,2.2E-06
NC_016810.1,clip_peak_3969,336668,336696,+,GTGGTATTACCACACGGACGTGACGGGCA,CDS,336396,337313,SL1344_0286C,SL1344_0286C,76,42,51,5,1,1,3.7,6.6E-11
NC_016810.1,clip_peak_4004,363204,363228,+,GTTACGTGAAATGGAATTTGCCGTT,CDS,362704,363948,SL1344_0314,SL1344_0314,16,7,14,0,0,0,3.3,3.7E-05
NC_016810.1,clip_peak_4044,408456,408481,+,GTCTCCGGTCTGGTCATGGCTTACCA,CDS,408252,409655,SL1344_0355,SL1344_0355,48,26,11,3,1,3,2.6,3.3E-04
NC_016810.1,clip_peak_4045,408669,408693,+,ATGTCGACGTTCTGGATTCTGGCGT,CDS,408252,409655,SL1344_0355,SL1344_0355,12,19,2,0,0,2,2.1,3.7E-02
NC_016810.1,clip_peak_4046,408910,408930,+,CGATGGCGTTATGGATGGCGG,CDS,408252,409655,SL1344_0355,SL1344_0355,15,13,3,0,3,0,2.0,4.9E-02
NC_016810.1,clip_peak_4081,441098,441125,+,CATGAACCACTCGGAAGGGATTCTGAGT,3UTR,441095,441194,SL1344_0384_3UTR,SL1344_0384_3UTR,331,294,199,9,2,15,4.3,2.0E-17
NC_016810.1,clip_peak_345,528223,528251,-,AGGGGATGCATTATGGACGAATACTCACC,CDS,527865,528239,SL1344_0467,SL1344_0467,27,29,10,0,0,1,3.6,2.3E-06
NC_016810.1,clip_peak_345,528223,528251,-,AGGGGATGCATTATGGACGAATACTCACC,5UTR,528240,528328,SL1344_0467_5UTR,SL1344_0467_5UTR,27,29,10,0,0,1,3.6,2.3E-06
NC_016810.1,clip_peak_4160,535413,535434,+,GTAACCGCCCTATGGACTGGGA,CDS,534014,537376,SL1344_0471,SL1344_0471,20,12,15,1,2,1,2.7,9.9E-05
NC_016810.1,clip_peak_484,731825,731851,-,ATGCTCGAAGGCGTAATGGACATCGCC,CDS,731141,732019,SL1344_0656,SL1344_0656,120,89,83,0,2,0,5.4,2.8E-20
NC_016810.1,clip_peak_485,732244,732265,-,AAGCGGAAGAGATGGAGTCTCT,CDS,732177,732650,SL1344_0657,SL1344_0657,6,22,7,0,0,0,3.1,3.4E-04
NC_016810.1,clip_peak_4335,777879,777897,+,GAACTGGCCTCATGGATTG,CDS,777459,778202,SL1344_0692,SL1344_0692,12,22,9,0,1,0,3.1,6.6E-05
NC_016810.1,clip_peak_4608,1079853,1079873,+,GTTGAAGGAAACGGAAAAAAC,CDS,1079721,1080020,SL1344_0974,SL1344_0974,19,21,14,0,1,2,3.1,7.6E-06
NC_016810.1,clip_peak_4743,1249678,1249699,+,ACGCCGGGAGCTCATGGACTCA,5UTR,1249670,1249798,SL1344_1147_5UTR,SL1344_1147_5UTR,29,22,17,1,1,0,3.6,2.3E-07
NC_016810.1,clip_peak_4778,1291841,1291865,+,AATTTTAGCGACAACATGGACAGTC,5UTR,1291845,1291944,SL1344_1186_5UTR,SL1344_1186_5UTR,20,16,18,0,2,1,3.1,6.2E-06
NC_016810.1,clip_peak_882,1295297,1295317,-,TTAATTTATAATGGACTAATC,5UTR,1295295,1295582,SL1344_1190_5UTR,SL1344_1190_5UTR,9,12,38,1,0,0,3.2,9.8E-05
NC_016810.1,clip_peak_894,1317571,1317601,-,AGCGCGCTTAAACTCATGGACGAAGTGGTTA,CDS,1317272,1318558,SL1344_1219,SL1344_1219,397,312,146,4,0,7,5.0,9.4E-18
NC_016810.1,clip_peak_896,1318170,1318192,-,GATGAGTATCTGGATCTGCTCTT,CDS,1317272,1318558,SL1344_1219,SL1344_1219,16,16,5,0,1,1,2.7,9.6E-04
NC_016810.1,clip_peak_901,1320559,1320584,-,ACGAAGCTGCCAAGGACGAAGAGTTC,CDS,1318681,1320615,SL1344_1220,SL1344_1220,11,10,10,0,0,0,3.2,6.7E-05
NC_016810.1,clip_peak_899,1319969,1319996,-,TTGCCATCGCCAAAACGGAACCCGGCGA,CDS,1318681,1320615,SL1344_1220,SL1344_1220,29,10,8,1,0,0,3.0,2.2E-04
NC_016810.1,clip_peak_900,1320366,1320384,-,TTTTACGGCATGGAAGACG,CDS,1318681,1320615,SL1344_1220,SL1344_1220,26,19,4,2,3,0,2.1,1.9E-02
NC_016810.1,clip_peak_898,1319832,1319850,-,CAGGGGATCATGGAGTTCG,CDS,1318681,1320615,SL1344_1220,SL1344_1220,20,17,4,4,2,2,1.7,7.1E-02
NC_016810.1,clip_peak_4808,1326939,1326960,+,CTACGTGACGCAGGATCGTGGC,CDS,1326853,1327296,SL1344_1226,SL1344_1226,15,27,4,1,0,1,2.6,2.7E-03
NC_016810.1,clip_peak_932,1361165,1361197,-,TACAGCTTTTTAGTCATGGACTACCTCTCGCCC,CDS,1360589,1361449,SL1344_1259,SL1344_1259,30,15,4,2,0,1,2.4,6.9E-03
NC_016810.1,clip_peak_4871,1405713,1405739,+,GAAAACGGTACTGGTGGTTCAGGATCC,CDS,1403356,1406412,SL1344_1299,SL1344_1299,11,14,11,0,0,0,3.4,1.7E-05
NC_016810.1,clip_peak_4873,1406215,1406233,+,GCGGGCACTTATGGACATG,CDS,1403356,1406412,SL1344_1299,SL1344_1299,22,19,10,2,1,2,2.5,3.4E-04
NC_016810.1,clip_peak_4873,1406215,1406233,+,GCGGGCACTTATGGACATG,5UTR,1406074,1406408,SL1344_1300_5UTR,SL1344_1300_5UTR,22,19,10,2,1,2,2.5,3.4E-04
NC_016810.1,clip_peak_4878,1409737,1409763,+,GAGCCTGGCTGGACATGGATGAACCGC,CDS,1409544,1411031,SL1344_1304,SL1344_1304,95,77,30,0,0,0,5.0,6.7E-13
NC_016810.1,clip_peak_4957,1494222,1494242,+,TGAACTGGGCATGGAATCGGC,CDS,1493233,1494273,SL1344_1394,SL1344_1394,22,12,13,1,6,4,1.7,2.7E-02
NC_016810.1,clip_peak_1031,1497499,1497522,-,CTTGGCATCGTCTGGACAGGCGGC,CDS,1496053,1497561,SL1344_1396,SL1344_1396,26,28,21,0,1,0,4.0,8.4E-09
NC_016810.1,clip_peak_1029,1496317,1496346,-,CTGGCAATTCCAATGGACATGGCGGTCGAG,CDS,1496053,1497561,SL1344_1396,SL1344_1396,57,41,26,2,0,1,4.0,7.8E-10
NC_016810.1,clip_peak_1052,1525679,1525701,-,GGCGTTCGGCATTATGGATGATC,CDS,1525377,1526525,SL1344_1421,SL1344_1421,28,19,7,0,0,0,3.6,6.3E-06
NC_016810.1,clip_peak_1053,1526024,1526050,-,CGCCGGTACTGCTGATGGATGAGCCCT,CDS,1525377,1526525,SL1344_1421,SL1344_1421,17,17,4,0,2,1,2.3,7.6E-03
NC_016810.1,clip_peak_1059,1536511,1536531,-,AGCCGGACTCACAGGTGGTGG,CDS,1536401,1536709,SL1344_1430,SL1344_1430,17,12,7,1,1,1,2.5,1.5E-03
NC_016810.1,clip_peak_5010,1550809,1550837,+,AAGCATTTACCGCTGGTGAACCGGCGGTT,3UTR,1550577,1550850,SL1344_1445_3UTR,SL1344_1445_3UTR,89,65,44,22,33,27,1.2,1.6E-02
NC_016810.1,clip_peak_1076,1567369,1567395,-,AGCACGACGAGAAATGGACGAAGCGGA,CDS,1567242,1567541,SL1344_1464,SL1344_1464,17,13,9,0,0,0,3.5,1.1E-05
NC_016810.1,clip_peak_1075,1567327,1567349,-,GCGCTGGACTCACTGGAACAGGC,CDS,1567242,1567541,SL1344_1464,SL1344_1464,16,21,3,0,1,1,2.5,5.2E-03
NC_016810.1,clip_peak_1136,1643860,1643888,-,CTCCGTCTGGACTCAGGACGTCGGGCGGG,CDS,1643687,1645132,SL1344_1528,SL1344_1528,18,13,14,1,1,1,2.9,4.6E-05
NC_016810.1,clip_peak_1134,1643720,1643741,-,ATTGTATGGTCTGGAAGACTAC,CDS,1643687,1645132,SL1344_1528,SL1344_1528,15,11,10,0,0,2,2.7,5.1E-04
NC_016810.1,clip_peak_1163,1671253,1671276,-,GGCGCGATTGAACGTGGAACGACA,CDS,1670112,1671455,SL1344_1554,SL1344_1554,21,8,5,2,2,3,1.6,9.5E-02
NC_016810.1,clip_peak_5099,1672326,1672350,+,GCTCAGCCGGGTTATGGAATGGCCG,CDS,1671748,1672671,SL1344_1555,SL1344_1555,13,19,13,4,4,4,1.6,2.1E-02
NC_016810.1,clip_peak_1189,1706795,1706818,-,GTACGACGCCGACTTAGATTAGTC,3UTR,1706777,1707000,SL1344_1587_3UTR,SL1344_1587_3UTR,77,101,60,24,19,14,1.9,2.0E-06
NC_016810.1,clip_peak_5136,1712481,1712504,+,CAGCACGATCGACTGGAAGCGGTC,CDS,1712130,1713077,SL1344_1592,SL1344_1592,33,27,24,1,0,1,3.8,5.9E-09
NC_016810.1,clip_peak_1212,1732196,1732219,-,AAGAAGAGGACGTGAAAGGCATCG,CDS,1731357,1732322,SL1344_1611,SL1344_1611,7,12,11,2,2,4,1.5,8.0E-02
NC_016810.1,clip_peak_1227,1746892,1746927,-,GCTTAAAGGTCGTTCGGGGGATCTGGACAGCCTGTA,3UTR,1746910,1747009,SL1344_1628_3UTR,SL1344_1628_3UTR,57,55,16,3,0,2,3.4,1.7E-06
NC_016810.1,clip_peak_1247,1770645,1770663,-,AAAGGCAGTATGGACGCTC,CDS,1769938,1770984,SL1344_1648,SL1344_1648,9,10,12,0,0,0,3.2,7.7E-05
NC_016810.1,clip_peak_5182,1782902,1782926,+,AAATGCGTCGCTATGGAAGGGCTGA,CDS,1782683,1783186,SL1344_1660,SL1344_1660,71,36,27,0,1,3,3.7,1.8E-08
NC_016810.1,clip_peak_5183,1783975,1784001,+,GAGGAGCTGAGTCATCTGGAAATTATC,CDS,1783786,1784664,SL1344_1662,SL1344_1662,19,7,4,0,1,0,2.5,5.6E-03
NC_016810.1,clip_peak_5242,1861568,1861593,+,CTCTTCCGGAGCTGGACGGATGCCAG,CDS,1861169,1862695,SL1344_1732,SL1344_1732,33,18,14,0,2,0,3.4,4.0E-06
NC_016810.1,clip_peak_5296,1956381,1956410,+,TGGTGCTGCTGCTGTTTATGGAAATGAACG,CDS,1956209,1956604,SL1344_1839,SL1344_1839,37,48,21,2,0,2,3.5,4.8E-08
NC_016810.1,clip_peak_1431,1990483,1990509,-,GTTGGCGGTATCTGGCTGGAGGCTGGG,5UTR,1990463,1990692,SL1344_1872_5UTR,SL1344_1872_5UTR,25,22,13,1,1,0,3.4,2.5E-06
NC_016810.1,clip_peak_1481,2028790,2028810,-,CAATTCAACATGGACAGGTTG,CDS,2027311,2029023,SL1344_1915,SL1344_1915,10,16,23,0,0,1,3.3,1.4E-05
NC_016810.1,clip_peak_1499,2049266,2049291,-,AAGGATGCGGGTATGGATGCTGGCGC,CDS,2048956,2050884,SL1344_1938,SL1344_1938,16,19,7,1,2,0,2.7,6.4E-04
NC_016810.1,clip_peak_5477,2250901,2250928,+,GTTTTCCCGGTCAGACAGGACGCTGCCG,3UTR,2250890,2250989,SL1344_2134_3UTR,SL1344_2134_3UTR,76,45,48,1,6,16,2.3,7.8E-04
NC_016810.1,clip_peak_1723,2336896,2336923,-,CTAACATTAGATATGGACGTTTAATAAT,CDS,2336900,2337268,SL1344_2215,SL1344_2215,32,35,24,3,2,0,3.3,2.8E-08
NC_016810.1,clip_peak_1723,2336896,2336923,-,CTAACATTAGATATGGACGTTTAATAAT,3UTR,2336861,2336899,SL1344_2215_3UTR,SL1344_2215_3UTR,32,35,24,3,2,0,3.3,2.8E-08
NC_016810.1,clip_peak_1777,2416503,2416531,-,TAGGACTGGTGCTTGGACTGCTGCTGGCG,CDS,2416494,2416805,SL1344_2280,SL1344_2280,22,19,7,3,4,1,2.0,9.9E-03
NC_016810.1,clip_peak_1812,2451321,2451343,-,AGCTAATGGACCTGGACGGTTTT,CDS,2450865,2451818,SL1344_2309,SL1344_2309,36,35,18,0,0,1,4.0,7.2E-09
NC_016810.1,clip_peak_1841,2495846,2495865,-,AGGGAGCATTTCTGGACGAA,CDS,2495821,2497968,SL1344_2357,SL1344_2357,27,20,11,2,2,7,2.0,5.6E-03
NC_016810.1,clip_peak_1857,2518743,2518766,-,CGCGAACTGTGCCTGGAATGCGCT,CDS,2518104,2519756,SL1344_2373,SL1344_2373,16,11,11,0,1,1,2.8,2.0E-04
NC_016810.1,clip_peak_1888,2557752,2557770,-,CTGCTGCGTCCATGGAACG,CDS,2557411,2557836,SL1344_2412,SL1344_2412,14,11,9,2,1,0,2.4,1.8E-03
NC_016810.1,clip_peak_5693,2596554,2596578,+,AGGAAATAAGCATGGACTGGCTGGC,CDS,2596565,2596765,SL1344_2447,SL1344_2447,66,74,41,2,1,0,4.5,1.2E-13
NC_016810.1,clip_peak_1918,2599079,2599098,-,CTTTCGGTGCGCATGGAGCT,CDS,2598826,2599689,SL1344_2449,SL1344_2449,15,11,8,1,0,0,2.9,2.4E-04
NC_016810.1,clip_peak_1963,2652288,2652315,-,GGTGCGCTGGCGTCTATGGAACTGGCGC,CDS,2651953,2652573,SL1344_2483,SL1344_2483,62,58,42,1,4,1,3.9,7.9E-13
NC_016810.1,clip_peak_5772,2729316,2729342,+,AATAGAGGATTACAGGAACGTATAAGC,CDS,2729043,2729588,SL1344_2547,SL1344_2547,30,31,6,2,2,0,2.7,5.6E-04
NC_016810.1,clip_peak_5800,2768977,2769006,+,ATACGATAATGGATAATGGACGTGTTGAAG,CDS,2768985,2770070,SL1344_2594,SL1344_2594,23,30,23,10,4,8,1.7,2.5E-03
NC_016810.1,clip_peak_5802,2770074,2770106,+,TGGATAACTAATTCAGGATTGAATATTCAAAAT,3UTR,2770071,2770188,SL1344_2594_3UTR,SL1344_2594_3UTR,16,18,18,1,0,1,3.2,4.1E-06
NC_016810.1,clip_peak_5822,2792642,2792663,+,GTGAGGCGGATGGACAATGCTG,CDS,2790293,2792953,SL1344_2615,SL1344_2615,17,8,12,1,2,1,2.3,2.3E-03
NC_016810.1,clip_peak_2121,2817064,2817090,-,AAAGATATCGGGCATTGGACTCCTGAT,CDS,2816803,2817798,SL1344_2633,SL1344_2633,27,30,14,1,1,1,3.3,1.5E-06
NC_016810.1,clip_peak_5856,2843272,2843296,+,ATGAGACCGGCACCTGGACGCTGCC,CDS,2838768,2850242,SL1344_2661,SL1344_2661,12,12,6,0,2,0,2.5,2.5E-03
NC_016810.1,clip_peak_2199,2927493,2927512,-,TGGTGACTAAATGGACATTA,5UTR,2927464,2927563,SL1344_2746_5UTR,SL1344_2746_5UTR,19,13,20,0,0,0,3.8,3.4E-07
NC_016810.1,clip_peak_2215,2950420,2950447,-,TCTCTGGGAGAAAATATATGGAGCGTTC,CDS,2949378,2950430,SL1344_2763,SL1344_2763,40,42,28,3,2,1,3.4,1.7E-09
NC_016810.1,clip_peak_2211,2949573,2949596,-,ATAATGGCTGCAATTATGGAAGGC,CDS,2949378,2950430,SL1344_2763,SL1344_2763,19,20,1,1,0,1,2.2,2.3E-02
NC_016810.1,clip_peak_2215,2950420,2950447,-,TCTCTGGGAGAAAATATATGGAGCGTTC,5UTR,2950431,2950709,SL1344_2763_5UTR,SL1344_2763_5UTR,40,42,28,3,2,1,3.4,1.7E-09
NC_016810.1,clip_peak_6016,3067845,3067869,+,ACGACAGAAGAACTAAACGGAACCT,CDS,3067839,3068288,SL1344_2880,SL1344_2880,19,12,13,1,1,0,3.0,5.7E-05
NC_016810.1,clip_peak_2446,3138193,3138229,-,AGCACGAAAAGTAGCTGGAATGCTGCGAAACGAACCG,5UTR,3138119,3138218,SL1344_2946_5UTR,SL1344_2946_5UTR,576,850,503,45,54,32,3.7,4.5E-27
NC_016810.1,clip_peak_2456,3156996,3157020,-,AGATGGTGGCTCTGGAAAACTAACC,CDS,3156998,3157225,SL1344_2963,SL1344_2963,11,14,6,2,1,1,2.1,8.9E-03
NC_016810.1,clip_peak_2455,3156930,3156956,-,TACATTAATCACTATGGACAGACAGGG,3UTR,3156898,3156997,SL1344_2963_3UTR,SL1344_2963_3UTR,107,46,36,0,3,1,4.1,7.3E-10
NC_016810.1,clip_peak_2456,3156996,3157020,-,AGATGGTGGCTCTGGAAAACTAACC,3UTR,3156898,3156997,SL1344_2963_3UTR,SL1344_2963_3UTR,11,14,6,2,1,1,2.1,8.9E-03
NC_016810.1,clip_peak_2462,3160916,3160942,-,TTACGCTGATTGATATGGACGATGTCT,CDS,3160305,3161111,SL1344_2967,SL1344_2967,21,22,9,1,0,1,3.1,3.3E-05
NC_016810.1,clip_peak_2508,3226917,3226945,-,AGATCAAGCTACTCATGGACGGGCGCTTA,CDS,3226728,3227141,SL1344_3022,SL1344_3022,94,91,89,0,0,0,5.8,6.1E-21
NC_016810.1,clip_peak_6118,3242664,3242692,+,GCGATTACGCGGCGAGCATGGAACAACGT,CDS,3242447,3242776,SL1344_3036,SL1344_3036,14,15,5,1,0,0,2.8,1.1E-03
NC_016810.1,clip_peak_2585,3313465,3313493,-,CAGAACGCCGACTTATGGATCTGGCGTTC,CDS,3312886,3313809,SL1344_3106,SL1344_3106,392,299,186,7,1,2,5.5,3.8E-26
NC_016810.1,clip_peak_2584,3313370,3313394,-,ATACGCTGGATCTTCTGGAGGAAGC,CDS,3312886,3313809,SL1344_3106,SL1344_3106,165,156,56,1,7,2,4.2,6.0E-12
NC_016810.1,clip_peak_2581,3312839,3312864,-,ATATCAGTCGGGTAACGGATTACCCG,3UTR,3312786,3312885,SL1344_3106_3UTR,SL1344_3106_3UTR,11,13,19,0,2,0,3.0,9.2E-05
NC_016810.1,clip_peak_2597,3321618,3321644,-,ATGTTATCTGGAAAATGGAAGTCTACA,CDS,3321322,3322380,SL1344_3112,SL1344_3112,34,48,29,3,0,2,3.5,4.3E-09
NC_016810.1,clip_peak_2598,3321788,3321812,-,GAGTGAGTGAGGTGCTGGATAACCA,CDS,3321322,3322380,SL1344_3112,SL1344_3112,16,23,7,3,0,2,2.3,4.8E-03
NC_016810.1,clip_peak_2612,3337858,3337885,-,GTGCCGTATTCGGATTTGGACGTCCTTA,CDS,3337751,3338266,SL1344_3128,SL1344_3128,55,62,54,0,1,1,4.8,1.1E-15
NC_016810.1,clip_peak_2625,3360996,3361022,-,AAGTGGATAAAGACTGGAACTCTGTCG,CDS,3360958,3361350,SL1344_3150,SL1344_3150,22,12,7,3,2,2,1.9,1.6E-02
NC_016810.1,clip_peak_6202,3370936,3370955,+,CCACTGGGTCCTGGAAGACA,5UTR,3370924,3370958,SL1344_3161_5UTR,SL1344_3161_5UTR,21,9,4,0,4,0,1.8,9.2E-02
NC_016810.1,clip_peak_6234,3411342,3411357,+,GCGCCCGGAAAGTGTT,CDS,3410930,3411622,SL1344_3195,SL1344_3195,15,17,8,0,1,1,2.9,2.2E-04
NC_016810.1,clip_peak_2741,3498331,3498356,-,CGCAACTCACCTGGACGCGTGAGGCG,CDS,3498067,3498363,SL1344_3281,SL1344_3281,23,14,18,2,4,1,2.4,2.2E-04
NC_016810.1,clip_peak_6331,3536215,3536235,+,TCAGGCGCGGGCATGGAGCCT,5UTR,3536214,3536272,SL1344_3319_5UTR,SL1344_3319_5UTR,18,14,14,0,1,0,3.4,4.3E-06
NC_016810.1,clip_peak_6417,3690861,3690882,+,CAGCGACTGTCCAGGTATGGTG,CDS,3690218,3690901,SL1344_3477,SL1344_3477,22,5,10,0,0,0,3.1,1.9E-04
NC_016810.1,clip_peak_6417,3690861,3690882,+,CAGCGACTGTCCAGGTATGGTG,5UTR,3690794,3690959,SL1344_3478_5UTR,SL1344_3478_5UTR,22,5,10,0,0,0,3.1,1.9E-04
NC_016810.1,clip_peak_2991,3794666,3794693,-,AGGATGGATAAAAAAGCAGGGACGCTTT,5UTR,3794638,3794783,SL1344_3565_5UTR,SL1344_3565_5UTR,147,149,135,72,82,25,1.2,5.0E-02
NC_016810.1,clip_peak_3094,3918570,3918591,-,CTGAGTATCGCCTGGATTGCGT,CDS,3918199,3918630,SL1344_3669,SL1344_3669,13,7,13,0,0,0,3.3,6.8E-05
NC_016810.1,clip_peak_3318,4261842,4261868,-,TTGAAAACTTTGTAATGGAACTACATT,5UTR,4261842,4261871,SL1344_3977_5UTR,SL1344_3977_5UTR,54,34,44,0,7,2,3.2,7.1E-08
NC_016810.1,clip_peak_6868,4306855,4306878,+,GGGATCATGCTGCTATGGACAGGG,CDS,4306468,4307511,SL1344_4024,SL1344_4024,20,22,11,3,0,1,2.7,1.8E-04
NC_016810.1,clip_peak_6875,4311096,4311116,+,GTAGCGGATCAATGGACGGCG,CDS,4310847,4311611,SL1344_4029,SL1344_4029,27,27,8,1,1,0,3.2,2.6E-05
NC_016810.1,clip_peak_6992,4482951,4482974,+,AGAGGTTGTTGACTGGGAAACCCG,CDS,4482781,4482993,SL1344_4176,SL1344_4176,30,19,14,7,0,0,2.2,1.4E-02
NC_016810.1,clip_peak_6993,4483005,4483037,+,CTACCAGGAGTACATGGATGTGCTTCCCCCTGT,3UTR,4482994,4483093,SL1344_4176_3UTR,SL1344_4176_3UTR,418,343,313,9,7,7,5.2,4.1E-48
NC_016810.1,clip_peak_7074,4580483,4580522,+,TCAGTAACGGATTACTTTGTGGTGTAGCGTAACGGTAATT,3UTR,4580370,4580572,SL1344_4247_3UTR,SL1344_4247_3UTR,69,103,71,45,22,49,1.0,6.9E-02
NC_016810.1,clip_peak_7150,4664029,4664060,+,GACGGTTATATATCAAGGATGTTGGCGCTTTT,CDS,4663965,4664171,SL1344_4339,SL1344_4339,165,123,74,3,5,3,4.3,3.3E-17
NC_016810.1,clip_peak_7236,4778013,4778034,+,TCGGCGCGCATATGGAACTGCA,CDS,4778024,4778761,SL1344_4433,SL1344_4433,30,17,9,3,2,1,2.4,1.3E-03
NC_016810.1,clip_peak_7236,4778013,4778034,+,TCGGCGCGCATATGGAACTGCA,5UTR,4777743,4778023,SL1344_4433_5UTR,SL1344_4433_5UTR,30,17,9,3,2,1,2.4,1.3E-03
NC_016810.1,clip_peak_7240,4784141,4784162,+,TGGCTGGAAAATGGAACGTTCT,5UTR,4783982,4784223,SL1344_4440_5UTR,SL1344_4440_5UTR,16,16,2,0,0,0,2.8,1.9E-03
NC_016810.1,clip_peak_3647,4786547,4786570,-,AGGATAACGGTAAATGGATGTAAC,CDS,4785649,4786557,SL1344_4442,SL1344_4442,19,26,15,13,5,3,1.3,8.8E-02
NC_016810.1,clip_peak_3647,4786547,4786570,-,AGGATAACGGTAAATGGATGTAAC,5UTR,4786558,4786583,SL1344_4442_5UTR,SL1344_4442_5UTR,19,26,15,13,5,3,1.3,8.8E-02
NC_016810.1,clip_peak_3649,4788302,4788325,-,ATCATGACGACTCAGGTACGTAAG,CDS,4787861,4788322,SL1344_4444,SL1344_4444,24,8,8,1,0,1,2.7,1.3E-03
NC_016810.1,clip_peak_3649,4788302,4788325,-,ATCATGACGACTCAGGTACGTAAG,CDS,4788319,4788990,SL1344_4445,SL1344_4445,24,8,8,1,0,1,2.7,1.3E-03
NC_016810.1,clip_peak_3653,4791697,4791720,-,ACATGATCCGGAAATGGCTGCCCG,CDS,4791267,4792538,SL1344_4447,SL1344_4447,14,17,3,1,1,2,2.0,3.1E-02
NC_016810.1,clip_peak_3668,4807100,4807124,-,AGGTGTCGCGGGTGATGGAAAACCT,CDS,4806883,4807839,SL1344_4461,SL1344_4461,10,12,10,1,2,2,2.0,8.9E-03
NC_016810.1,clip_peak_4214,613045,613078,+,GGCGCCCTTAGCTCAGTTGGATAGAGCAACGGCC,tRNA,613046,613119,SL1344_tRNA0006,SL1344_tRNA0006,92,89,73,30,27,33,1.4,2.4E-06
NC_016810.1,clip_peak_6750,4162491,4162530,+,AGGCAGAGGTCTCAGGTTCGAATCCTGTCGGGCGTACCAT,tRNA,4162453,4162526,SL1344_tRNA0066,SL1344_tRNA0066,420,428,254,232,100,196,1.0,8.4E-02
NC_016810.1,clip_peak_6749,4162451,4162488,+,AAGCGCCCGTAGCTCAGCTGGATAGAGCGCTGCCCTCC,tRNA,4162453,4162526,SL1344_tRNA0066,SL1344_tRNA0066,197,203,177,151,118,136,0.5,9.5E-02
NC_016810.1,clip_peak_6751,4162590,4162627,+,ATAGCTCAGTTGGTAGAGCCCTGGATTGTGATTCCAGT,tRNA,4162584,4162656,SL1344_tRNA0067,SL1344_tRNA0067,1125,1084,872,662,501,606,0.8,2.8E-03
NC_016810.1,clip_peak_6849,4288007,4288031,+,GCTTATGATGCACTGGAACCGCACT,CDS,4287977,4288597,SL1344_4004,sodA,48,52,40,0,1,7,3.5,1.4E-09
NC_016810.1,clip_peak_5412,2140394,2140420,+,AAAAGTCCAGGCAATGGAAGACCTGGT,CDS,2139285,2141633,SL1344_2043,sopA,16,19,15,3,1,1,2.6,9.2E-05
NC_016810.1,clip_peak_4546,1011207,1011252,+,GAAGATCGAAAAATGGAATGTGTTGAATGGAATGGTACTCTTACTG,CDS,1010628,1011587,SL1344_0909,sopD2,124,113,66,2,0,3,4.7,2.4E-17
NC_016810.1,clip_peak_4544,1010795,1010824,+,ATATACACTCATCCATGGATGTGAACGTGA,CDS,1010628,1011587,SL1344_0909,sopD2,18,29,14,0,0,0,4.0,1.4E-07
NC_016810.1,clip_peak_4543,1010732,1010758,+,GGTATGGGATAGATTTAAGGACTGCTT,CDS,1010628,1011587,SL1344_0909,sopD2,36,59,31,1,2,1,3.9,3.9E-10
NC_016810.1,clip_peak_4548,1011153,1011186,+,GTTAATGAGGATGATGACGTTAAGGATGAAGTTT,CDS,1010628,1011587,SL1344_0909,sopD2,27,51,14,2,2,0,3.2,8.7E-06
NC_016810.1,clip_peak_4542,1010574,1010598,+,ATGAGAGCAACGGATTGGATCTTGC,5UTR,1010550,1010627,SL1344_0909_5UTR,sopD2_5UTR,13,33,8,5,1,0,2.1,2.4E-02
NC_016810.1,clip_peak_2367,3057701,3057727,-,ATATCCGACGCGACAGGGAATGTGGGT,CDS,3056911,3057822,SL1344_2870,spaO,13,24,10,3,3,4,1.8,1.6E-02
NC_016810.1,clip_peak_2364,3056255,3056274,-,ATTACAGTATATGGACATTG,CDS,3056247,3056921,SL1344_2869,spaP,7,19,12,4,5,1,1.5,9.3E-02
NC_016810.1,clip_peak_2362,3053958,3053984,-,ACAGGAGTAAGTAATGGATTATCAAAA,CDS,3053474,3053971,SL1344_2865,spaT,18,44,13,1,0,3,2.9,1.5E-04
NC_016810.1,clip_peak_2360,3053804,3053837,-,TGAGTTTTATAACCAGGGACGACTGGATGAAGCT,CDS,3053474,3053971,SL1344_2865,spaT,26,51,19,5,1,1,2.9,3.4E-05
NC_016810.1,clip_peak_2361,3053845,3053874,-,CTCAAGATATGATGGACGGTTTATATGCTC,CDS,3053474,3053971,SL1344_2865,spaT,36,50,22,5,5,0,2.7,2.4E-05
NC_016810.1,clip_peak_2362,3053958,3053984,-,ACAGGAGTAAGTAATGGATTATCAAAA,5UTR,3053972,3054030,SL1344_2865_5UTR,spaT_5UTR,18,44,13,1,0,3,2.9,1.5E-04
NC_016810.1,clip_peak_2545,3269700,3269718,-,CAGACGGATCTGGACGATG,CDS,3269629,3271542,SL1344_3062,speA,16,14,7,1,0,0,3.0,1.4E-04
NC_016810.1,clip_peak_4916,1447724,1447753,+,AAACATTCTGGATTATGGACGTTATCAACG,CDS,1447129,1447878,SL1344_1343,ssaJ,228,183,101,8,8,2,4.2,2.9E-17
NC_016810.1,clip_peak_4917,1447807,1447836,+,TTATCGTTGACAGGACTGTTATTAGGAGTG,CDS,1447129,1447878,SL1344_1343,ssaJ,17,17,20,1,7,1,2.1,2.3E-03
NC_016810.1,clip_peak_4921,1449558,1449576,+,AGTTTACTGGAACTTGGCG,CDS,1449081,1450097,SL1344_1346,ssaL,8,21,10,0,1,0,3.0,2.2E-04
NC_016810.1,clip_peak_4924,1453354,1453376,+,CCGCGGTTTCTGGAGAATATCCG,CDS,1452543,1453844,SL1344_1349,ssaN,20,18,10,0,0,0,3.7,2.2E-06
NC_016810.1,clip_peak_4927,1454908,1454926,+,CATATTAAATGGACAGTTG,CDS,1454560,1455528,SL1344_1352,ssaQ,10,17,11,2,1,1,2.4,1.6E-03
NC_016810.1,clip_peak_4901,1441635,1441661,+,CGATATACGCTTATGGACGCGCGGCAC,CDS,1441373,1441846,SL1344_1333,sscA,27,19,16,1,0,0,3.7,2.3E-07
NC_016810.1,clip_peak_4908,1444607,1444631,+,CATTAATTTCTATGGACATGCCTTG,CDS,1444377,1444811,SL1344_1337,sscB,92,50,41,0,1,1,4.6,9.3E-13
NC_016810.1,clip_peak_4909,1444741,1444768,+,GTTATGCGGATGCCTCATGGAGTGAGAT,CDS,1444377,1444811,SL1344_1337,sscB,51,65,23,0,1,1,4.2,5.5E-10
NC_016810.1,clip_peak_4907,1444564,1444589,+,CATTGGCTGGCACCTGGATGATGCTT,CDS,1444377,1444811,SL1344_1337,sscB,43,33,14,0,1,2,3.5,7.9E-07
NC_016810.1,clip_peak_4904,1443509,1443532,+,AACGGCTGGCCTGGGAACTGCAAG,CDS,1443319,1443906,SL1344_1335,sseD,10,21,5,2,0,1,2.3,7.8E-03
NC_016810.1,clip_peak_4903,1443429,1443462,+,ATTTGATGATATCTGGATGAAGCTAATGGAGCTT,CDS,1443319,1443906,SL1344_1335,sseD,28,12,12,4,6,4,1.5,3.7E-02
NC_016810.1,clip_peak_4906,1444269,1444299,+,GATGGCGATAACTGGACAGTTTTATCCGCCG,CDS,1443909,1444325,SL1344_1336,sseE,46,38,17,9,11,15,1.3,4.0E-02
NC_016810.1,clip_peak_329,497511,497534,-,GGACAGATTGGACTGGAGCAACGT,sRNA,497375,497538,ncRNA0217,STnc1065,18,38,4,0,2,2,2.4,6.7E-03
NC_016810.1,clip_peak_4780,1292957,1292983,+,ACTGACCTCGTCGCCATTGGACGGCGG,sRNA,1292957,1293012,ncRNA0230,STnc1210,138,152,119,5,1,8,4.4,1.4E-23
NC_016810.1,clip_peak_4802,1316871,1316895,+,GCGAAAGGAGTGTGAAGTGGTAAGG,sRNA,1316874,1317275,ncRNA0247,STnc1480,40,38,23,12,6,2,2.0,1.2E-03
NC_016810.1,clip_peak_5477,2250901,2250928,+,GTTTTCCCGGTCAGACAGGACGCTGCCG,sRNA,2250891,2250936,ncRNA0275,STnc1890,76,45,48,1,6,16,2.3,7.8E-04
NC_016810.1,clip_peak_2062,2759475,2759515,-,ATTTGATAATGCTCTCGATACTGAAAACACTGGGTGGGGAT,sRNA,2759412,2759518,ncRNA0283,STnc2080,269,181,53,4,5,8,4.0,9.5E-11
NC_016810.1,clip_peak_675,1009298,1009317,-,AAAGAGACCATGGAGCGTGT,sRNA,1009199,1009379,ncRNA0316,STnc3310,34,16,11,3,4,0,2.3,3.1E-03
NC_016810.1,clip_peak_7074,4580483,4580522,+,TCAGTAACGGATTACTTTGTGGTGTAGCGTAACGGTAATT,sRNA,4580485,4580565,ncRNA0162,STnc440,69,103,71,45,22,49,1.0,6.9E-02
NC_016810.1,clip_peak_4445,898557,898579,+,AAATTGATGGATAAATAGACTGT,sRNA,898557,898793,ncRNA0186,STnc650,19,13,3,0,0,0,2.9,7.6E-04
NC_016810.1,clip_peak_170,285937,285964,-,ATCCCTGGATGAGCTCAAGGACGGTTCC,sRNA,285917,285972,ncRNA0209,STnc925,104,104,123,1,3,7,4.4,1.2E-22
NC_016810.1,clip_peak_2308,3045199,3045225,-,AATACGCCGGATGCGCTGGAAGCGCAT,CDS,3044647,3046278,SL1344_2858,stpA,93,95,84,1,1,1,5.2,3.7E-21
NC_016810.1,clip_peak_2310,3045706,3045727,-,GCAACTGGAACAAATGGATGGA,CDS,3044647,3046278,SL1344_2858,stpA,37,49,34,1,2,2,3.7,8.2E-11
NC_016810.1,clip_peak_2227,2969812,2969835,-,CGGCGGGGAAATCTCTGGATGATT,CDS,2969801,2970202,SL1344_2783,stpA,11,21,11,0,0,0,3.5,8.6E-06
NC_016810.1,clip_peak_2312,3045735,3045762,-,GATATCGCGCTAAAGGGACTTAAAAGAA,CDS,3044647,3046278,SL1344_2858,stpA,10,22,18,1,3,0,2.7,3.1E-04
NC_016810.1,clip_peak_2309,3045289,3045314,-,AGGTGAAACTGAGCGATGGAATGCCT,CDS,3044647,3046278,SL1344_2858,stpA,35,50,18,3,3,5,2.6,2.1E-05
NC_016810.1,clip_peak_2315,3046274,3046293,-,ACATACTGCAGGAATATGCT,CDS,3044647,3046278,SL1344_2858,stpA,11,18,19,7,3,0,1.8,2.1E-02
NC_016810.1,clip_peak_2313,3045910,3045931,-,AGTGCAGATCACGGAGTGTGTA,CDS,3044647,3046278,SL1344_2858,stpA,18,21,8,5,4,5,1.4,5.8E-02
NC_016810.1,clip_peak_4081,441098,441125,+,CATGAACCACTCGGAAGGGATTCTGAGT,sRNA,441095,441126,ncRNA0445,StyR-169,331,294,199,9,2,15,4.3,2.0E-17
NC_016810.1,clip_peak_3796,120127,120149,+,CGGCAGGTGATCCAGGGACGGAT,sRNA,120107,120156,ncRNA0450,StyR-199,14,9,8,1,3,0,2.1,1.0E-02
NC_016810.1,clip_peak_3395,4365371,4365399,-,ATCCATTGCGCCACGGATGGCCTCTGCCA,sRNA,4365232,4365397,ncRNA0461,StyR-243,13,18,17,1,0,0,3.4,4.3E-06
NC_016810.1,clip_peak_4364,801910,801933,+,GCGAAGTGGTGCTGGGGATGGCGC,CDS,801156,803957,SL1344_0718,sucA,8,24,11,1,2,2,2.2,4.5E-03
NC_016810.1,clip_peak_4361,801042,801070,+,CACCCCGGTCACTTACTGGATGTAAGCTC,5UTR,800770,801155,SL1344_0718_5UTR,sucA_5UTR,95,103,62,0,1,0,5.4,2.1E-18
NC_016810.1,clip_peak_4368,804100,804120,+,CAAAGTGGTACTGGAAGTACC,CDS,803972,805180,SL1344_0719,sucB,27,21,15,0,0,1,3.7,2.3E-07
NC_016810.1,clip_peak_68,104858,104882,-,AGCCGTCGCCGATCATGAACGATCA,CDS,104473,105759,SL1344_0093,surA,6,12,14,0,0,2,2.5,2.5E-03
NC_016810.1,clip_peak_71,105639,105663,-,AATAATGGCGTCGTGCTGGAAAGCG,CDS,104473,105759,SL1344_0093,surA,19,19,5,2,3,2,1.9,2.1E-02
NC_016810.1,clip_peak_1400,1973051,1973083,-,AGGAGACGGCTGCCAGCATGGAACAACTGACGG,CDS,1972323,1973984,SL1344_1854,tar,335,406,143,4,3,1,5.5,2.8E-23
NC_016810.1,clip_peak_1405,1973749,1973769,-,ACGCATGATGATGGACGCTTC,CDS,1972323,1973984,SL1344_1854,tar,23,14,24,2,0,0,3.4,1.8E-06
NC_016810.1,clip_peak_1403,1973540,1973569,-,AGTTTCTGGACAATGGCAATATGGATGCCT,CDS,1972323,1973984,SL1344_1854,tar,16,19,5,3,4,2,1.6,5.0E-02
NC_016810.1,clip_peak_5678,2582883,2582905,+,CGGATCGGAAATGGAAATTACCC,CDS,2581216,2583216,SL1344_2437,tktB,52,41,11,0,0,0,4.1,6.6E-08
NC_016810.1,clip_peak_5674,2581322,2581342,+,CTGAAGTGCTATGGAACGATT,CDS,2581216,2583216,SL1344_2437,tktB,18,11,9,1,3,4,1.8,2.5E-02
NC_016810.1,clip_peak_5228,1851971,1852001,+,AAACTGGCGCTGGCAGGGACGCTGCTGACGT,CDS,1851923,1853635,SL1344_1724,treA,36,24,16,0,0,0,4.2,1.6E-08
NC_016810.1,clip_peak_5233,1853348,1853375,+,CAGGATGACGTGGCAATGGAAGTCACCT,CDS,1851923,1853635,SL1344_1724,treA,88,66,26,5,0,11,2.5,1.4E-03
NC_016810.1,clip_peak_871,1279431,1279454,-,TAGAAGGCCTGTTCATGAAGAACT,CDS,1278442,1279548,SL1344_1172,trmU,20,17,7,1,2,0,2.7,5.8E-04
NC_016810.1,clip_peak_1252,1775058,1775082,-,ACGGCGTCCGATGGACTGTTGACGC,CDS,1774261,1775142,SL1344_1653,trpH,21,17,14,0,0,1,3.5,1.5E-06
NC_016810.1,clip_peak_6739,4146411,4146439,+,GACAGTTTTGACACGGATGTACTCAAAGC,CDS,4146381,4146710,SL1344_3875,trxA,37,27,15,4,0,2,2.8,4.3E-05
NC_016810.1,clip_peak_5819,2789398,2789423,+,TGATTTTTAAACATGGACAGGTGGTC,CDS,2789067,2789486,SL1344_2613,trxC,73,30,20,1,0,1,3.9,6.2E-08
NC_016810.1,clip_peak_298,467573,467598,-,TCTCCGCTGTTCATGGAAATCGAACC,CDS,467023,467886,SL1344_0407,tsx,16,27,12,1,0,0,3.5,4.1E-06
NC_016810.1,clip_peak_2844,3621097,3621121,-,ATCGTACACTATGGAATTCCTGAAG,5UTR,3620969,3621364,SL1344_3412_5UTR,tuf_5UTR,16,7,21,4,3,2,1.8,2.1E-02
NC_016810.1,clip_peak_1880,2554745,2554768,-,TATTAAAGGTGTCTGGAACGTCAC,CDS,2554315,2555106,SL1344_2408,ucpA,16,13,8,0,0,3,2.4,2.6E-03
NC_016810.1,clip_peak_3395,4365371,4365399,-,ATCCATTGCGCCACGGATGGCCTCTGCCA,3UTR,4365318,4365417,SL1344_4075_3UTR,udhA_3UTR,13,18,17,1,0,0,3.4,4.3E-06
NC_016810.1,clip_peak_6479,3782476,3782504,+,GAAATACGATATGGATCTGGTCGTTTGCG,CDS,3782177,3782611,SL1344_3556,uspA,27,31,15,1,3,1,3.0,3.7E-06
NC_016810.1,clip_peak_2981,3781812,3781835,-,GTAGTCCCGGAGAGGAACTCCGTG,5UTR,3781790,3781919,SL1344_3555_5UTR,uspB_5UTR,15,9,9,5,0,0,1.7,9.4E-02
NC_016810.1,clip_peak_5933,2951928,2951957,+,TTTGAAATCTGTATCGCTACTGGATGGTTA,3UTR,2951879,2951978,SL1344_2764_3UTR,virK_3UTR,21,38,15,2,1,1,3.1,4.5E-06
NC_016810.1,clip_peak_2516,3238128,3238154,-,CAACCTCGGCTTTATGGACGCGGCCGA,CDS,3237857,3239059,SL1344_3032,visC,25,22,24,1,3,3,2.8,2.5E-06
NC_016810.1,clip_peak_921,1338118,1338138,-,GCCCGACCGATCTGGATATTG,CDS,1337795,1338601,SL1344_1237,xthA,11,16,6,1,1,4,1.8,3.9E-02
NC_016810.1,clip_peak_3783,98315,98340,+,ATGCTTGAACAGGCAGGGACGCTGGA,CDS,98258,98788,SL1344_0086,yabF,16,14,7,0,1,0,3.0,1.5E-04
NC_016810.1,clip_peak_129,201938,201966,-,CCGCGCTTTCTATGGATTGGATGTTCCGA,CDS,201406,202068,SL1344_0172,yadF,16,11,8,3,2,0,2.0,1.1E-02
NC_016810.1,clip_peak_170,285937,285964,-,ATCCCTGGATGAGCTCAAGGACGGTTCC,CDS,285514,286329,SL1344_0246,yaeC,104,104,123,1,3,7,4.4,1.2E-22
NC_016810.1,clip_peak_486,732863,732887,-,CGACGTGACGCAGATTGACCTGCCA,CDS,732647,733732,SL1344_0658,ybeZ,20,22,5,0,0,0,3.3,6.0E-05
NC_016810.1,clip_peak_1369,1932479,1932499,-,AAAATGATAAATGGACAGTTC,CDS,1932390,1932743,SL1344_1815,yebF,55,27,29,0,0,0,4.5,1.6E-10
NC_016810.1,clip_peak_1571,2131996,2132020,-,TATGTTTGGCTAAGTATGGAAACTG,CDS,2131943,2133001,SL1344_2036,yeeA,38,37,29,17,12,10,1.3,5.7E-03
NC_016810.1,clip_peak_5478,2254153,2254172,+,CAGAGACGTTATGGACTTTT,CDS,2254084,2254815,SL1344_2138,yehV,55,42,20,1,0,1,4.0,4.3E-09
NC_016810.1,clip_peak_1692,2287599,2287620,-,CTGAATGGCGGCATGGAGGCTA,CDS,2287003,2288145,SL1344_2169,yeiB,17,9,11,1,0,0,3.0,1.3E-04
NC_016810.1,clip_peak_1698,2298425,2298453,-,AACATGCGGTGCGTCATGGACTGGGGATA,CDS,2298263,2299126,SL1344_2178,yeiE,15,11,9,3,0,1,2.2,5.2E-03
NC_016810.1,clip_peak_5832,2808243,2808267,+,AATACACCGAACGGACATCTGGTCG,CDS,2808081,2808419,SL1344_2624,yfiA,18,19,3,1,0,0,2.7,2.1E-03
NC_016810.1,clip_peak_2224,2968094,2968119,-,GCTAATCATGATAAGGACGATCAGGC,CDS,2967727,2968176,SL1344_2779,ygaU,29,15,12,1,0,0,3.4,6.3E-06
NC_016810.1,clip_peak_2223,2968010,2968033,-,GCAAATAGCTGATGGAAAAGCGAC,CDS,2967727,2968176,SL1344_2779,ygaU,31,27,21,4,2,1,2.9,1.7E-06
NC_016810.1,clip_peak_3012,3816190,3816211,-,ATGGTGAATATGGATGTTGGCC,CDS,3815219,3818761,SL1344_3581,yhjL,13,26,12,1,2,0,2.9,1.4E-04
NC_016810.1,clip_peak_3013,3818819,3818850,-,TATGTGCTGACTCTCTTTGGACAAGGCTGGGA,CDS,3818743,3819852,SL1344_3582,yhjM,60,68,21,1,1,0,4.2,1.1E-09
NC_016810.1,clip_peak_3014,3819609,3819632,-,TCGCGCAACTGTTTAACTGGACGC,CDS,3818743,3819852,SL1344_3582,yhjM,19,14,9,2,1,0,2.7,3.8E-04
NC_016810.1,clip_peak_3017,3820949,3820978,-,TAGCAACGGTATTGATATGGATCTCAACTA,CDS,3819856,3822156,SL1344_3583,yhjN,115,116,53,0,0,0,5.6,2.2E-17
NC_016810.1,clip_peak_3202,4080200,4080226,-,CTGGGCGTAGCTGGCATGGACACCAGC,CDS,4079045,4080382,SL1344_3818,yieG,42,32,24,1,0,1,4.0,1.7E-09
